date,SMALL LoPRIOR,ME1 PRIOR2,ME1 PRIOR3,ME1 PRIOR4,SMALL HiPRIOR,ME2 PRIOR1,ME2 PRIOR2,ME2 PRIOR3,ME2 PRIOR4,ME2 PRIOR5,ME3 PRIOR1,ME3 PRIOR2,ME3 PRIOR3,ME3 PRIOR4,ME3 PRIOR5,ME4 PRIOR1,ME4 PRIOR2,ME4 PRIOR3,ME4 PRIOR4,ME4 PRIOR5,BIG LoPRIOR,ME5 PRIOR2,ME5 PRIOR3,ME5 PRIOR4,BIG HiPRIOR
1990-11-30,0.955,0.9667,0.9745,0.9777,0.9806,0.9757,0.9536,0.983,0.9942,0.9884,0.9786,0.9884,0.987,0.9862,0.9707,0.9915,0.9771,0.9966,0.9937,0.9889,0.9775,0.9976,1.0099,1.0111,1.018
1990-12-31,0.9778,0.9967,0.9937,1.0031,0.988,0.9802,1.0129,0.9945,0.9995,1.006,0.9706,0.9785,1.0083,1.0178,1.0118,0.9873,0.9877,1.0004,1.0026,0.9885,1.0053,0.9976,0.9853,0.9906,0.9761
1991-01-31,0.9741,0.9659,0.9733,0.9825,0.9793,0.9892,0.9578,0.9906,0.9846,0.9838,1.0061,0.9701,0.9859,0.9814,0.9719,1.0357,0.9819,0.975,1.0049,0.985,1.0399,1.0436,1.0413,1.0265,1.0078
1991-02-28,1.1417,1.0892,1.0501,1.0344,1.0471,1.1806,1.1107,1.0778,1.0623,1.0844,1.1851,1.1013,1.0892,1.0689,1.0671,1.1601,1.1215,1.0898,1.0518,1.073,1.119,1.0831,1.0758,1.0554,1.0478
1991-03-31,0.9857,0.9734,0.9633,0.9645,0.9706,0.9453,0.9468,0.9601,0.9565,0.9549,0.9504,0.9643,0.9345,0.9386,0.9472,0.9526,0.949,0.9333,0.9326,0.9328,0.9244,0.9253,0.9264,0.9378,0.9455
1991-04-30,0.9691,0.9988,1.0155,1.0021,1.0172,0.9764,0.9859,0.9817,1.0142,0.9946,0.9845,0.9829,0.9868,0.9929,1.0031,0.982,0.9816,0.9813,1.007,0.9814,0.9875,1.0104,0.9981,0.9955,0.999
1991-05-31,0.9644,0.9724,0.9797,0.9866,0.9998,0.9854,0.9827,0.9842,0.9823,0.9737,0.9769,0.9867,0.9878,0.9847,0.9976,0.9949,0.9954,0.9904,0.9912,0.9804,1.0497,1.0253,1.0269,1.007,1.0048
1991-06-30,0.9173,0.9394,0.9449,0.9367,0.9501,0.9246,0.9249,0.9394,0.9311,0.945,0.9346,0.9367,0.9429,0.9396,0.9466,0.9316,0.9383,0.9363,0.9432,0.9273,0.9390000000000001,0.9285,0.9117,0.9339,0.9295
1991-07-31,1.0112,1.021,1.0302,1.0352,1.0446,1.0184,1.0152,1.0416,1.0563,1.0506,1.0029,1.0226,1.0407,1.0566,1.0592,1.0076,1.0325,1.0331,1.0465,1.0642,1.0252,1.0438,1.0555,1.0566,1.1043
1991-08-31,1.0019,1.0,0.9998,1.0098,1.0177,0.9898,1.0177,1.0124,1.0122,1.047,1.014,1.014,1.0152,1.0191,1.1453,1.0102,1.0229,1.0063,1.0102,1.0417,1.019,1.0165,1.0255,1.0242,1.0124
1991-09-30,1.0569,1.0589,1.0608,1.0808,1.1114,1.0203,1.0369,1.0678,1.0685,1.0885,1.02,1.0205,1.0398,1.056,1.0894,1.0064,1.0311,1.0317,1.062,1.0549,1.011,1.0151,1.028,1.0422,1.0419
1991-10-31,0.9521,0.9788,0.9704,1.0003,0.9926,0.9465,0.9639,0.9883,0.9763,1.0095,0.9558,0.9531,0.9735,0.9688,1.0009,0.9589,0.9583,0.9582,0.9636,0.9853,0.9852,0.9755,0.985,0.9721,0.9947
1991-11-30,0.9814,0.9968,0.9859,0.9857,1.004,0.9659,0.9896,0.9776,1.0065,1.0028,0.9648,0.9926,0.9834,0.9826,0.9837,0.9726,0.9801,0.9725,0.9737,0.9689,0.9892,0.985,0.9834,0.9862,0.9745
1991-12-31,1.0246,1.0443,1.0281,1.0416,1.04,1.0338,1.0281,1.0405,1.0404,1.0402,1.0208,1.0404,1.0279,1.0191,1.0339,1.046,1.038,1.0494,1.0512,1.0493,1.0371,1.063,1.0781,1.0734,1.0977999999999999
1992-01-31,0.972,0.9518,0.9789,0.9849,0.9831,0.9895,1.0014,0.9699,0.9951,0.9898,1.0319,1.0015,1.0103,0.9999,1.0189,0.9804,0.995,1.0101,1.0221,1.0182,1.0013,1.0081,0.9922,1.0079,0.9977
1992-02-29,0.9966,0.9894,1.0,0.9924,1.0087,0.9885,0.9782,0.9947,1.0102,1.0081,1.0094,0.9912,0.9989,0.9956,1.0041,0.9895,1.0157,1.0009,0.9944,1.0097,0.9698,0.9997,1.0047,0.9979,1.0008
1992-03-31,0.9564,0.9877,0.9791,0.9906,0.9807,0.9618,0.9957,0.9803,0.9838,0.9735,0.981,0.9868,0.9736,0.9618,0.9505,0.9767,0.965,0.9723,0.9725,0.9827,0.9863,0.9479,0.9665,0.967,0.9717
1992-04-30,1.0397,1.0266,1.0336,1.0307,1.067,1.0191,1.0219,1.0289,1.0427,1.0763,1.0293,1.0077,1.0392,1.0658,1.0718,1.0356,1.0248,1.0474,1.0694,1.0674,1.0854,1.0615,1.0646,1.0335,1.0571
1992-05-31,1.0461,1.06,1.0584,1.0574,1.0875,1.0436,1.051,1.0547,1.0527,1.0725,1.0372,1.0332,1.0395,1.0528,1.055,1.0421,1.0358,1.0533,1.0528,1.0528,1.0482,1.0668,1.0589,1.0543,1.0472
1992-06-30,0.979,1.0232,1.0197,1.0122,1.0244,0.9552,0.9981,1.0028,1.0202,1.0124,0.9517,1.0122,1.0033,1.0073,0.977,0.9553,0.9987,1.0093,1.0036,0.9971,0.9447,0.9736,1.0103,0.9948,0.992
1992-07-31,0.9393,0.9657,0.9411,0.9471,0.9492,0.924,0.9662,0.9665,0.9577,0.9526,0.9233,0.9588,0.9484,0.9523,0.9468,0.9222,0.9685,0.96,0.9587,0.9435,0.913,0.9538,0.9648,0.9849,0.9648
1992-08-31,0.9605,0.9893,0.9958,1.0078,1.0076,0.9619,0.9854,1.0025,0.9868,1.0112,0.946,0.9739,0.9805,0.9996,0.9834,0.9592,0.9899,0.9901,1.0169,0.9977,0.9738,0.9756,1.0022,1.011,1.0044
1992-09-30,0.916,0.9322,0.9353,0.9527,0.9348,0.9117999999999999,0.9273,0.9644,0.9463,0.9564,0.9057,0.9455,0.9675,0.9665,0.957,0.8769,0.9402,0.9588,0.9792,0.9915,0.9617,0.96,0.9859,0.9895,0.9993
1992-10-31,0.914,0.8989,0.8886000000000001,0.8936,0.8888,0.9383,0.9085,0.9062,0.9089,0.8968,0.9491,0.8936999999999999,0.9083,0.8976999999999999,0.8976,1.0207,0.9315,0.9011,0.9056,0.9117,0.9419,0.9244,0.9196,0.9221,0.9289000000000001
1992-11-30,0.9715,0.9585,0.9653,0.9669,0.9847,0.9716,0.9634,0.9743,0.9691,0.9836,1.0142,0.9843,0.9744,0.9878,0.9786,0.9802,0.9797,0.977,0.9803,0.983,1.0057,1.0131000000000001,1.0066,0.9995,0.9919
1992-12-31,1.0,1.0201,1.0034,1.0066,1.0293,1.0046,1.0251,1.0217,1.0233,1.0069,1.0084,1.0205,1.0158,1.0098,1.006,0.9997,1.0092,1.0109,1.0149,1.0188,1.0011,1.0112,1.0054,1.0162,1.0328
1993-01-31,1.0597,1.0286,1.0305,1.0298,1.0465,1.0399,1.0396,1.028,1.0398,1.0591,1.053,1.0235,1.0475,1.0301,1.0525,1.0788,1.0351,1.0204,1.0147,1.021,1.0489,1.01,0.9922,0.9924,0.9902
1993-02-28,1.0119,1.0018,0.9878,0.9999,1.0195,1.0145,0.9908,0.9964,0.9997,1.0013,1.0157,1.0163,1.0015,1.0003,1.0051,1.0115,1.0256,1.018,0.9976,1.0152,1.0428,1.0097,1.0315,1.0134,1.0019
1993-03-31,1.0614,1.057,1.0753,1.0659,1.0923,1.0562,1.0693,1.0567,1.0735999999999999,1.0711,1.0588,1.0548,1.0727,1.0874,1.0885,1.0436,1.064,1.0555,1.0632,1.0984,1.0413,1.0425,1.0376,1.0666,1.0744
1993-04-30,1.07,1.0504,1.0457,1.0585,1.0664,1.0723,1.0436,1.0338,1.0448,1.0665,1.0792,1.0384,1.0447,1.0354,1.0528,1.0602,1.0301,1.0298,1.0219,1.045,1.0145,1.0341,1.0197,0.9969,1.0144
1993-05-31,1.0341,1.0072,1.0157,1.021,1.0174,1.0135,1.008,1.0065,0.9998,1.0136,1.0403,0.9941,1.0097,1.0017,1.0063,1.0169,0.9962,1.003,1.0055,1.0053,0.9964,0.999,1.0071,1.0179,1.0273
1993-06-30,0.9401,0.9541,0.9549,0.9703,0.9667,0.9431,0.9404,0.9564,0.9651,0.9498,0.9371,0.9559,0.9603,0.9718,0.9724,0.9549,0.9516,0.9514,0.955,0.9705,0.9758,0.97,0.9657,0.9866,0.9821
1993-07-31,1.0178,0.9991,0.9952,0.9979,1.0163,1.0102,0.9869,0.9983,0.997,1.0275,1.0266,0.9978,0.9915,0.9877,1.0092,1.0166,1.0043,1.0146,1.0283,1.0123,1.0074,1.0117,1.0215,0.9981,1.0234
1993-08-31,1.1169,1.0826,1.086,1.099,1.0887,1.0958,1.0959,1.0935,1.081,1.1073,1.1097,1.0995,1.0751,1.0965,1.083,1.1017,1.0919,1.1005,1.0896,1.092,1.0919,1.0917,1.1007,1.075,1.0727
1993-09-30,1.0038,1.0171,1.0325,1.0163,1.0397,0.9898,1.0119,1.0115,1.0121,1.0047,0.9843,1.007,0.9979,1.0058,1.0075,0.9902,0.9958,0.997,0.9959,0.9954,0.9623,1.0006,0.9899,1.0052,1.0051
1993-10-31,0.9819,1.0141,0.995,1.0149,1.0358,0.9928,1.0023,1.0174,1.0119,1.022,1.0014,1.0186,1.0232,1.0132,1.0158,1.0091,1.0143,1.0323,1.0143,1.027,1.0154,1.0319,1.039,1.0365,1.028
1993-11-30,0.9894,0.9974,1.0016,0.9823,0.9982,0.9742,0.9987,0.9851,0.9742,0.977,0.9653,0.9946,0.9845,0.9823,0.975,0.9883,0.9871,0.9939,0.9901,0.9715,0.9795,0.9884,0.9754,0.9799,0.9554
1993-12-31,1.0504,1.066,1.0475,1.0592,1.057,1.0554,1.0329,1.0466,1.0764,1.0635,1.0693,1.0523,1.0508,1.0597,1.0652,1.0725,1.0788,1.0554,1.0891,1.0835,1.0686,1.0738,1.0785,1.0829,1.0836
1994-01-31,1.1189,1.1203,1.1314,1.1309,1.154,1.1047,1.0963,1.0898,1.1177,1.1398,1.0962,1.101,1.1156,1.1153,1.1207,1.0772,1.0679,1.0758,1.0961,1.1288,1.0637,1.0395,1.0321,1.0424,1.094
1994-02-28,1.021,1.0241,1.0298,1.0241,1.0134,1.0048,1.0028,1.0062,1.0074,1.0083,0.9926,1.0017,0.9954,0.994,0.994,0.9901,0.9973,0.9838,0.9789,0.9698,0.9691,0.9565,0.9611,0.9513,0.9568
1994-03-31,1.0029,1.0157,1.0021,0.9944,0.9633,1.0072,0.9985,1.0023,0.9692,0.957,1.0043,0.9993,0.9963,0.9706,0.9729,1.0279,0.9984,1.0094,0.9618,0.9593,0.9797,0.968,0.962,0.975,0.9748
1994-04-30,1.0328,1.0338,1.0318,1.0427,1.0388,1.0537,1.0344,1.0522,1.032,1.039,1.0337,1.0305,1.037,1.0412,1.0344,1.0434,1.0426,1.0503,1.027,1.037,1.0374,1.0432,1.0581,1.0258,1.0409
1994-05-31,0.9695,0.9913,0.9861,0.9945,0.9751,0.9807,0.9834,0.9747,0.9826,0.9826,0.974,0.9659,0.968,0.9802,0.9816,0.9786,0.9741,0.9599,0.9668,0.9675,0.9601,0.9517,0.9721,0.949,0.9573
1994-06-30,1.0001,1.0048,0.9982,0.9936,0.9788,0.9848,0.9866,0.993,0.9859,0.987,1.0052,0.9776,0.992,0.9857,0.9847,0.9859,0.9744,1.0046,0.9791,0.9788,1.0031,0.9863,0.9987,0.9918,0.9764
1994-07-31,1.0022,1.011,1.0122,1.0142,1.0234,1.0113,1.0205,1.017,1.0237,1.0316,1.0244,1.0323,1.0306,1.0313,1.0434,1.0319,1.0467,1.0351,1.0387,1.0476,1.0548,1.0571,1.0568,1.0435,1.0687
1994-08-31,1.002,1.0092,1.0212,1.015,1.0175,1.0099,1.0169,1.0239,1.0116,1.0224,1.0152,1.0127,1.0029,1.0175,1.0104,1.024,1.0093,1.0091,1.0189,1.0006,1.0241,1.0277,1.0283,1.0261,1.0144
1994-09-30,1.0227,1.006,1.0006,1.0019,1.0069,0.9669,0.9884,0.9941,0.9921,1.007,0.9876,0.9801,0.9791,0.9855,0.9858,0.9607,0.9762,0.9631,0.9795,0.9798,0.9591,0.9543,0.9694,0.9567,0.9756
1994-10-31,1.0078,1.013,1.0146,1.0136,1.0183,1.0115,1.0157,1.0026,1.0079,1.0141,1.0209,0.9967,1.0196,1.023,1.0069,1.0225,1.0443,1.0218,1.0146,1.0265,1.0511,1.0406,1.0475,1.0452,1.0479
1994-11-30,0.9519,0.952,0.9477,0.9507,0.9571,0.9677,0.9658,0.9513,0.9494,0.9639,0.9562,0.9576,0.9524,0.9437,0.9587,0.9643,0.9618,0.9538,0.9577,0.9557,0.9716,0.9635,0.9531,0.9515,0.9445
1994-12-31,1.001,1.0139,1.0059,1.0171,1.0123,0.9982,0.9971,1.0195,1.0129,1.0058,1.0091,1.0008,1.0167,1.0145,1.0085,1.0097,0.9971,1.0099,1.0059,0.9981,1.0042,0.9955,1.0044,1.0051,1.0121
1995-01-31,0.987,0.9948,1.0015,1.033,1.0126,0.9792,1.0646,1.0043,1.0003,1.0182,0.9704,0.9867,0.9983,0.9821,1.0139,0.9619,0.9816,0.9978,0.9883,0.9975,0.9728,0.976,0.9956,0.9956,1.0099
1995-02-28,0.9905,0.9972,1.0172,1.0222,1.029,1.0152,1.0097,1.0228,1.0194,1.0295,1.0116,1.0162,1.0058,1.0198,1.0313,1.0185,1.0083,1.0206,1.0178,1.0322,1.0172,1.0205,1.0329,1.023,1.0264
1995-03-31,1.008,1.0203,1.0262,1.0406,1.0424,1.0008,1.0129,1.0329,1.0364,1.0276,1.0326,1.0254,1.0212,1.0286,1.0266,1.0113,1.0445,1.0328,1.0405,0.9906,1.0578,1.0688,1.041,1.0364,1.025
1995-04-30,1.0073,1.0034,0.9928,1.0082,1.0103,1.0184,1.0113,1.0139,1.013,1.0178,1.0178,1.0195,1.0154,1.0289,1.0268,1.0481,1.0321,1.021,1.0274,1.0377,1.0438,1.0245,1.0283,1.0289,1.0437
1995-05-31,1.0186,1.0197,1.0242,1.0006,1.0134,1.0408,1.0128,1.0287,1.0054,1.0113,1.0273,1.0309,1.0163,1.0147,1.0255,1.0228,1.0305,1.0237,1.021,1.0067,1.0176,1.0225,1.02,1.0269,1.0265
1995-06-30,0.9998,1.0239,1.0241,1.034,1.029,0.9935,1.0205,1.0094,1.0274,1.0409,1.0066,1.0055,1.0063,1.0259,1.0217,0.9931,1.0054,1.0217,1.0256,1.0423,0.9862,1.0009,1.0103,1.0169,1.034
1995-07-31,1.0199,1.0209,1.0181,1.0278,1.0404,1.026,1.015,1.0285,1.052,1.0394,1.0311,1.0288,1.0262,1.0384,1.0459,1.0354,1.0266,1.0392,1.0379,1.0176,1.0599,1.0464,1.0497,1.0381,1.0543
1995-08-31,0.9728,0.9807,0.9598,0.9692,0.999,0.9741,0.9629,0.9606,0.9813,1.0043,0.9583,0.9607,0.9641,0.9726,0.9868,0.9505,0.9621999999999999,0.9592,0.9521,0.965,0.9567,0.9556,0.9615,0.957,0.9831
1995-09-30,0.9987,1.0224,1.0325,1.0376,1.0427,0.9825,1.0033,1.0339,1.0395,1.0503,1.0044,1.0124,1.0146,1.0419,1.0637,0.9854,0.9986,1.027,1.0349,1.0401,0.9968,1.0051,1.0292,1.0378,1.062
1995-10-31,0.9723,0.9895,1.0042,1.0055,1.0234,0.9492,0.9777,0.9997,1.0029,1.0146,0.956,0.9776,0.9825,0.9821,1.0033,0.9597,0.9889,0.976,0.9953,0.995,0.9661,0.9833,0.9952,1.0149,1.0134
1995-11-30,0.9545,0.9661,0.9751,0.9887,0.9984,0.9632000000000001,0.959,0.9627,0.9696,0.9846,0.9716,0.9698,0.9758,1.0308,0.9788,0.9788,0.9839,0.9887,0.9873,1.001,0.9879,0.9992,0.9995,1.0088,1.0179
1995-12-31,1.0153,1.0045,1.0056,1.0253,1.0107,1.0264,1.012,1.0111,1.0137,1.0161,1.0229,1.0037,1.0313,1.0168,1.0192,1.0189,1.0196,1.0357,1.0181,1.0259,1.0234,1.0213,1.0483,1.0259,1.0149
1996-01-31,1.0,0.9971,0.9982,1.0017,1.0146,1.0076,0.9812,0.9977,1.0155,1.0282,1.0281,1.0053,0.9945,1.0181,1.0092,1.0377,1.0129,1.0116,1.0207,1.0009,1.0174,1.0195,1.0013,1.0143,0.9828
1996-02-29,1.0285,1.0277,1.0309,1.0533,1.0507,1.0301,1.0278,1.0408,1.0585,1.0527,1.0288,1.0279,1.0432,1.0299,1.0566,1.0344,1.0286,1.0382,1.0534,1.0618,1.018,1.0084,1.0082,1.0176,1.0253
1996-03-31,1.0081,1.0133,1.0232,1.0259,1.0323,0.9941,1.0005,1.0256,1.0419,1.021,1.0082,1.0035,1.0226,1.0317,1.0336,0.9907,1.0177,1.0166,1.0207,1.0476,0.9991,1.0014,1.0001,1.0344,1.01
1996-04-30,1.0015,1.0069,1.0134,1.0237,1.0177,1.0064,1.0015,1.0186,1.0143,1.0388,1.0028,1.0184,1.0169,1.0291,1.0415,1.0112,1.0185,1.0141,1.0229,1.0225,1.0114,1.0105,1.0079,1.0131000000000001,0.9976
1996-05-31,1.0325,1.0272000000000001,1.0453,1.0337,1.0651,1.0215,1.0166,1.0261,1.0284,1.0543,1.0212,1.023,1.0028,1.0264,1.0509,1.0146,1.0118,1.0153,1.0296,1.0412,1.0022,1.0148,1.0278,1.0071,1.0176
1996-06-30,0.9908,1.0081,1.0034,1.0082,1.0032,0.9927,1.0108,1.0009,1.0127,1.0052,0.9957,0.9885,1.0155,1.008,1.0033,0.9988,0.9863999999999999,1.0088,1.0074,1.0033,0.9821,1.0208,1.0031,1.0076,1.0205
1996-07-31,0.9974,1.0091,0.9946,0.9878,1.0041,0.9943,0.9977,0.9826,0.9776,0.9585,0.979,0.9875,0.9865,0.9724,0.9642,0.9855,1.0009,0.9874,0.9779,0.9825,1.0108,0.985,0.9919,0.9795,0.9827
1996-08-31,1.0047,1.0035,1.0123,1.0257,1.0294,1.0085,1.0048,1.0065,1.0204,1.0379,1.0023,1.0109,1.0301,1.0297,1.0441,1.0038,1.0231,1.0229,1.0233,1.0382,1.0114,1.0111,1.0406,1.0374,1.0381
1996-09-30,0.9718,0.9978,0.9933,1.0041,1.0065,0.9774,0.9931,0.9967,1.0017,1.0112,0.972,0.9815,0.9959,1.0114,1.0024,0.9919,0.9891,1.0015,1.0087,1.0061,1.0119,1.0186,1.0062,1.0399,1.0198
1996-10-31,0.9981,1.0128,1.0251,1.0241,1.0505,1.0041,1.023,1.0316,1.029,1.0417,1.0042,1.0277,1.0385,1.0343,1.0645,1.0115,1.0238,1.0165,1.0215,1.0253,0.9935,1.012,1.0287,1.0365,1.0216
1996-11-30,1.0077,1.0183,1.0234,1.0227,1.0518,1.0148,1.0262,1.0387,1.0313,1.0347,1.0155,1.0137,1.0167,1.0369,1.0312,1.0319,1.0188,1.0158,1.0279,1.0522,1.0507,1.0408,1.0562,1.0535,1.0529
1996-12-31,1.0168,1.0201,1.0209,1.0217,1.0338,1.0171,1.0237,1.0107,1.0306,1.0285,1.0058,1.0129,1.0406,1.0292,1.0416,1.0136,1.0264,1.0431,1.029,1.0394,1.0053,1.0206,1.0241,1.0341,1.0309
1997-01-31,1.0033,0.9896,1.0056,1.0063,1.0263,1.0038,1.0048,1.0247,1.0137,1.0082,1.0112,0.9981,0.9965,1.018,1.0177,0.9875,0.9926,1.0029,1.0086,1.0201,1.0182,0.9873,0.9855,1.0015,1.0063
1997-02-28,1.0152,1.0153,1.0246,1.0241,1.0336,1.0031,1.0073,1.0156,1.0282,1.0379,0.9984,0.9882,1.0242,1.0163,1.0155,1.004,1.0102,1.0171,1.0052,1.0174,1.025,1.0034,1.0263,1.0139,0.9888
1997-03-31,1.0126,1.022,1.0066,1.0171,1.0107,1.0188,1.0171,1.0197,1.019,1.0178,1.0192,1.0279,1.0026,1.0096,1.0106,1.0324,1.0092,1.0209,0.9917,1.045,1.0332,1.0303,1.0347,1.0222,1.0198
1997-04-30,0.9775,0.9888,0.9844,0.9847,0.9975,0.9744,0.9766,0.9771,0.9853,0.974,0.973,0.9764,1.0037,0.9858,0.9845,0.9691,0.9798,0.9914,0.977,0.9737,0.983,1.0023,0.9782,0.9979,1.039
1997-05-31,1.0165,1.02,1.0343,1.0424,1.0307,1.0457,1.0381,1.0272000000000001,1.0325,1.0456,1.0304,1.0239,1.0296,1.0371,1.0526,1.0205,1.0223,1.0391,1.0489,1.0516,1.0109,1.0435,1.045,1.0584,1.0598
1997-06-30,0.9938,1.0123,1.0113,1.0113,1.0055,1.0065,1.0021,1.0263,1.0197,1.0092,1.0198,1.0178,1.0126,1.0219,1.0193,1.0151,1.0314,1.0385,1.0365,1.0231,1.0505,1.0334,1.0514,1.0569,1.0463
1997-07-31,0.9669,0.9712,0.9795,0.9922,0.9899,0.9869,0.975,0.9818,1.0016,0.9904,0.9981,1.0119,0.995,0.9881,1.0059,1.0078,0.9988,0.9977,1.0324,1.0335,1.0165,1.0262,1.0532,1.0532,1.0647
1997-08-31,1.0116,1.0045,1.0095,0.9954,1.001,1.0297,1.0056,1.0055,0.9912,1.0213,0.995,0.9823,0.9918,0.9813,0.9972,0.9885,0.9767,0.9736,0.9663,0.978,0.9842,0.9337,0.9275,0.9405,0.9413
1997-09-30,1.0593,1.0466,1.0431,1.0413,1.0894,1.052,1.0375,1.0567,1.0674,1.0966,1.0567,1.0522,1.0757,1.0704,1.1007,1.0512,1.0762,1.0773,1.0619,1.0907,1.0734,1.1043,1.0826,1.1054,1.1192
1997-10-31,1.0051,0.9901,1.0003,0.9994,0.9927,0.989,1.009,0.996,1.0013,0.9855,0.9869,0.9966,0.9847,0.9784,0.975,0.9671,0.9642,0.967,0.9716,0.9663,0.9449,0.9454,0.9499,0.9644,0.9196
1997-11-30,0.9809,0.9859,0.9784,0.986,1.01,0.9773,0.9846,0.9979,0.9941,0.9771,0.9833,0.9932,0.9979,0.9786,0.9765,1.0045,0.9813,0.9957,0.9898,1.0104,1.0347,1.0225,1.021,1.0166,1.0064
1997-12-31,0.9741,0.9945,0.9938,0.9874,0.9987,0.9829,0.9988,0.992,1.005,1.0005,0.9897,1.0065,1.0136,1.0182,1.0106,0.9925,1.0078,1.0159,1.0114,1.0297,0.9957,1.0261,1.039,1.047,1.043
1998-01-31,1.0136,1.0099,1.0296,1.0232,1.0341,1.0242,1.0202,1.0202,1.0272000000000001,1.0268,1.0001,1.0146,1.0298,1.0295,1.0358,0.9942,1.0214,1.0425,1.0325,1.0554,0.9959,1.0077,1.0323,1.0512,1.055
1998-02-28,1.045,1.0555,1.0654,1.0689,1.0798,1.0427,1.0571,1.0561,1.0741,1.0951,1.0716,1.054,1.0665,1.0729,1.101,1.0836999999999999,1.0746,1.0922,1.0857,1.0992,1.0707,1.1078,1.0989,1.0643,1.0725
1998-03-31,1.0638,1.0701,1.072,1.0815,1.0914,1.0589,1.0701,1.0763,1.1125,1.1188,1.0721,1.0527,1.0919,1.1255,1.1429,1.0773,1.0764,1.084,1.1199,1.1205,1.0843,1.065,1.0708,1.0753,1.0588
1998-04-30,1.0437,1.0544,1.0485,1.0589,1.0996,1.0324,1.057,1.0428,1.033,1.0335,1.0504,1.0413,1.0237,1.0206,1.0466,1.0486,1.0594,1.0269,1.0297,1.0174,1.0535,1.0317,1.0222,1.0138,1.0224
1998-05-31,1.0337,1.038,1.029,1.0545,1.0851,1.0305,1.0421,1.0473,1.0288,1.0384,1.0298,1.0357,1.037,1.0354,1.0818,1.0373,1.0518,1.0292,1.0225,1.0583,1.0157,1.0291,1.0221,1.0121,1.031
1998-06-30,0.9617,0.985,0.972,0.9866,0.9553,0.956,0.9696,0.9642,0.9601999999999999,0.9422,0.9329000000000001,0.9605,0.9563,0.9787,0.9713,0.9623,0.965,0.9998,0.9854,0.9756,0.976,0.9856,1.019,1.0213,1.0296
1998-07-31,0.9742,0.9869,0.995,1.0066,1.027,0.9699,0.9629,0.9921,0.998,1.0283,0.9732,0.9922,0.9919,1.006,1.0447,0.9867,0.9959,0.9992,1.0526,1.0624,0.9934,0.9828,1.012,1.0538,1.0823
1998-08-31,0.9027000000000001,0.9392,0.9269000000000001,0.9155,0.8872,0.8794,0.9155,0.8995,0.9039,0.8731,0.8828,0.8933,0.9024,0.8684000000000001,0.8623000000000001,0.8769,0.9188000000000001,0.8747,0.9049,0.8721,0.8874,0.8798,0.9,0.8497,0.8756
1998-09-30,0.9649,0.9713,0.9645,0.9736,0.9681,0.952,0.9723,0.9503,0.9582,0.9393,0.9371,0.9647,0.9502,0.9426,0.9564,0.9486,0.9531,0.974,0.9563,0.9582,1.0398,1.0099,0.9556,0.9617,0.8745
1998-10-31,0.9921,1.0055,0.9981,1.0114,1.0209,1.0305,1.0096,1.0125,1.0121,1.0426,1.0585,1.0382,1.0599,1.0538,1.0572,1.1165,1.0594,1.0762,1.0672,1.0526,1.0515,1.0822,1.0766,1.0955,1.0571
1998-11-30,0.9913,1.0029,1.0221,1.0346,1.0594,0.9982,1.0298,1.0186,1.047,1.0647,1.0018,1.0047,1.0257,1.0239,1.0488,0.9983,1.0318,1.0258,1.0419,1.0639,1.0698,1.0408,1.0517,1.0399,1.0612
1998-12-31,0.991,1.0054,1.0047,1.0097,1.0088,0.9935,1.0057,1.0209,1.0157,1.0083,0.9681,1.005,1.0183,1.0045,1.0199,0.987,1.0406,1.0288,1.0488,1.0423,1.0176,0.9863999999999999,1.0311,1.0583,1.0975
1999-01-31,1.0131000000000001,0.9762,0.9828,0.9952,1.0791,0.9866,0.9714,0.9808,0.955,1.058,0.9847,0.9785,0.9774,0.9812,1.0338,1.0153,0.9938,0.986,0.9768,1.0815,0.9362,0.9837,0.9825,0.9983,1.0568
1999-02-28,1.0017,0.9863,0.9801,1.0098,1.0428,1.0112,0.9927,0.9891,0.9973,1.0276,1.0035,1.0108,0.9832,0.9747,1.0119,1.0423,0.9767,0.9712,0.9677,0.9668,1.0166,1.0021,0.9675,0.9722,0.9611
1999-03-31,1.016,1.0012,1.0062,0.9972,1.0027,1.0557,0.9937,0.988,1.006,0.9687,1.0526,1.0243,0.9836,0.9823,0.9591,1.0328,1.0152,0.9501,0.9619,0.9517,1.0708,1.0574,1.0039,0.9935,0.952
1999-04-30,1.0639,1.0329,1.0158,1.0066,1.063,1.0888,1.0435,1.0227,1.0249,1.0323,1.1015,1.0492,1.022,1.0043,1.0191,1.0785,1.0673,1.0392,0.9914,1.0014,1.0737,1.092,1.0404,0.9886,0.9988
1999-05-31,1.0042,1.0059,1.0031,1.0179,1.1115,0.9951,0.9866,0.9982,0.9931,1.0412,0.9707,0.987,0.9825,1.0017,1.0032,0.9729,0.9892,0.9661,0.9956,1.0002,0.9415,0.9425,0.9515,0.9522,0.9729
1999-06-30,1.0092,1.0095,1.015,1.0306,1.1065,1.0115,1.0261,0.995,1.0144,1.0461,1.0268,1.0225,1.0153,1.0155,1.0241,1.0056,1.0137,1.0156,1.0203,1.0387,1.0484,1.0176,1.0148,1.0181,1.0257
1999-07-31,1.0276,1.0312,1.0463,1.0435,1.1602999999999999,1.0261,1.0212,1.0344,1.0443,1.0902,1.0239,1.0252,1.0165,1.0322,1.086,1.0227,1.0514,1.0157,1.0137,1.0659,1.0148,1.0115,1.0011,1.0063,1.0154
1999-08-31,1.0186,1.008,1.0033,1.0296,1.2026,1.0192,1.0205,1.029,1.0244,1.1865999999999999,1.0025,1.0122,1.0125,1.028,1.0689,1.0146,1.0092,1.0068,1.0026,1.0295,1.0166,1.0382,1.0077,1.0086,1.004
1999-09-30,0.9958,1.0068,1.0147,1.0089,1.03,0.9941,0.9938,1.015,1.0299,1.0347,0.973,1.0087,0.9949,1.004,1.0518,1.0018,0.9832,1.005,0.9966,0.9852,0.9946,1.0191,0.9869,0.9757,1.0072
1999-10-31,0.9737,0.9867,0.9948,0.9963,1.0798,0.9806,0.9811,0.9797,0.9951,1.0608,0.9877,0.9791,0.9887,0.9977,1.0371,0.9647,0.9989,0.9694,0.9772,1.0101,1.0134,1.0008,1.0394,1.0419,1.0695999999999999
1999-11-30,0.9799,0.9992,0.9895,1.0264,1.1785,0.9529,0.9776,0.9951,1.0274,1.0868,0.9554,0.9846,0.9936,1.0137,1.0904,0.9702,0.9926,1.0132,1.0469,1.0514,0.9756,0.974,0.9997,1.0563,1.1466
1999-12-31,1.0445,1.0427,1.0583,1.0717,1.082,1.028,1.0581,1.0522,1.0827,1.0581,1.0577,1.0521,1.0573,1.0695999999999999,1.0084,1.0506,1.0306,1.0512,1.0883,1.113,1.0763,1.0483,1.063,1.1201,1.2093
2000-01-31,1.0111,0.9853,0.9986,1.0485,1.0701,0.9651,0.9778,1.006,1.0111,1.0106,0.906,0.9748,0.9584,0.9969,0.9708,0.9043,0.9151,0.9429,0.9541,1.0141,0.8694999999999999,0.885,0.9114,0.9158999999999999,0.9905
2000-02-29,1.0478,1.015,1.0208,1.0666,1.0282,1.0186,1.0135,0.9901,1.0562,1.0814,1.0276,0.9972,1.0394,1.0835,1.0882,0.9811,1.0316,0.9951,1.0726,1.1495,1.0069,1.0084,1.0229,1.0641,1.183
2000-03-31,1.02,1.013,1.0009,0.9947,0.9168000000000001,1.0188,1.0287,1.0152,1.0158,0.8959,1.0278,1.0144,1.0277,0.9881,0.9009,1.0543,1.0481,1.0218,0.9747,0.9469,1.0608,1.095,1.0697,0.9645,0.9324
2000-04-30,0.9455,0.9651,0.9533,0.9209,0.84,0.9559,0.966,0.9565,0.9178999999999999,0.854,0.981,0.9886,0.9601999999999999,0.9339,0.8349,0.9733,0.9742,0.9693,0.9261,0.8677,0.9828,0.9791,0.9819,0.9054,0.9271
2000-05-31,1.024,1.0252,1.0318,1.0444,0.9995,1.0176,1.0282,1.0356,1.0319,0.9813,1.052,1.0522,1.0555,0.9969,0.9192,1.0539,1.0297,1.043,1.0004,0.9357,1.0685,1.0375,1.0209,0.9739,0.9515
2000-06-30,1.0188,1.0308,1.0135,1.0064,1.0222,1.0066,1.0163,1.0019,1.0209,1.0515,1.0231,1.0172,1.0169,1.0134,1.0094,1.0279,1.0306,1.0218,1.0216,1.0454,1.0132,1.0286,1.0375,0.9776,0.9999
2000-07-31,0.9733,0.9778,0.9893,0.9761,0.9621,0.9828,0.9876,0.9952,0.9975,0.9822,1.0103,0.9956,0.9988,1.0039,0.9969,0.9761,1.0029,1.0019,1.0118,1.0382,0.9912,1.0148,0.983,1.0048,0.9581
2000-08-31,0.9526,0.9742,0.9771,1.0019,1.0582,0.9705,0.982,1.0057,1.0024,1.0514,0.9808,0.994,0.9953,0.9783,1.0477,0.9832,0.9674,0.9901,1.0066,1.0358,0.9772,0.9833,1.0065,0.971,0.9929
2000-09-30,0.9713,0.9856,0.9891,0.9847,0.9724,0.9999,0.9778,0.981,0.9897,0.9863999999999999,0.9713,0.9782,0.981,0.9688,0.9399,0.9813,0.9845,0.9551,0.9709,0.9297,0.9912,0.9734,0.9795,0.9593,0.8879
2000-10-31,0.8938,0.9493,0.9455,0.9457,0.9121,0.9278,0.9586,0.963,0.9527,0.8846,0.9556,0.9782,0.9642,0.935,0.8849,1.0019,0.9884,0.9771,0.9636,0.9331,1.0302,1.0441,0.9728,0.9851,0.9446
2000-11-30,0.9492,0.999,1.0048,0.9718,0.9198,0.9534,1.0159,0.9906,0.9489,0.8912,0.9829,1.0062,1.0054,0.975,0.8642,1.0096,1.0272000000000001,1.0153,0.9916,0.8858,0.9616,0.9667,1.0036,0.9697,0.8466
2000-12-31,1.027,1.0737,1.0589,1.0602,1.0397,1.0694,1.0818,1.0831,1.064,1.0722,1.0763,1.0874,1.0807,1.0779,1.0786,1.0749,1.0901,1.08,1.0586,1.0592,1.0242,1.0806,1.0546,1.075,1.0288
2001-01-31,1.04,1.0311,1.0201,1.0316,1.0417,1.0498,1.0495,1.0224,1.0154,1.0377,1.0216,1.0332,1.0177,0.9911,0.9845,1.0579,1.0167,1.0108,0.9914,1.0053,1.0963,1.0279,0.9884,0.9654,0.9382
2001-02-28,0.9238999999999999,0.9791,0.9787,0.9831,0.9745,0.9083,0.9669,0.9843,0.9768,0.9274,0.9178999999999999,0.9878,0.9951,0.9741,0.9618,0.9211,0.9743,0.9813,0.9936,0.9737,0.803,0.8804,0.9506,0.9403,0.9563
2001-03-31,0.8706,0.9279999999999999,0.9381,0.9229,0.9383,0.8501,0.9151,0.9205,0.9317,0.8916999999999999,0.8553,0.9042,0.9124,0.9303,0.9154,0.8724000000000001,0.8959,0.9165,0.9252,0.9158,0.8959,0.8844,0.9263,0.9157,0.9442
2001-04-30,1.045,1.037,1.0431,1.0628,1.0549,1.061,1.0397,1.0491,1.0429,1.0619,1.0892,1.054,1.0356,1.0399,1.0581,1.1128,1.0843,1.0398,1.0491,1.0377,1.1583999999999999,1.0752,1.0633,1.0379,1.057
2001-05-31,0.9412,0.9754,0.9782,0.9931,1.0046,0.9461,0.9752,0.9782,0.9924,1.0054,0.9519,0.9909,0.9923,0.9966,0.9905,0.9341,0.9591,0.997,0.9784,1.0106,0.8821,0.9406,0.9826,0.9718,0.9754
2001-06-30,0.8781,0.9843,1.0039,1.0002,0.9813,0.8707,0.9679,0.9867,0.9671,0.9765,0.8805000000000001,0.9558,0.9824,0.9773,0.9811,0.8977999999999999,0.9565,0.9817,0.9824,1.0109,0.9028,0.9741,0.9775,1.0048,1.0191
2001-07-31,0.9414,1.0014,1.001,1.0031,0.9886,0.9524,1.0057,0.9933,0.9979,0.9937,0.9583,1.0044,1.0194,1.0078,0.9948,0.9576,1.0184,1.0081,1.0188,0.9909,0.988,1.0201,0.9952,1.0029,0.9782
2001-08-31,0.9635,1.0108,1.0257,1.0307,1.0324,0.9673,1.0133,1.0188,1.0122,1.0322,0.9483,1.0071,1.0157,1.0297,1.0203,0.9278,0.9916,1.0181,1.0114,1.0319,0.8693,0.9911,1.0088,1.0116,1.0261
2001-09-30,0.7735000000000001,0.8713,0.9107000000000001,0.9146,0.9002,0.741,0.8308,0.8935,0.9099,0.8865000000000001,0.7534,0.8122,0.8916,0.8892,0.8883,0.7729,0.8304,0.8611,0.8881,0.9141,0.8623000000000001,0.8504,0.9226,0.9146,0.9234
2001-10-31,1.1173,1.0178,1.0193,1.0215,1.0359,1.0928,1.0395,1.0333,1.0355,1.0313,1.1787,1.0341,1.0284,1.02,1.0385,1.1616,1.044,1.0083,1.0259,1.0415,1.1132,1.0221,0.9968,1.0158,1.0158
2001-11-30,1.1436,1.0451,1.0331,1.0217,1.0268,1.1407,1.0499,1.04,1.0166,1.0255,1.1356,1.0685,1.0692,1.0361,1.0383,1.1395,1.0726,1.0582,1.0263,1.0126,1.1317,1.0652,0.9991,0.9846,1.0209
2001-12-31,0.9601,0.9905,1.0144,1.0224,1.0217,0.9896,1.0268,1.0242,1.0104,1.024,1.0035,1.0178,1.0092,1.0154,1.0242,0.9907,1.0096,1.0161,1.0245,1.027,1.0143,1.0117,1.0199,1.0489,1.0182
2002-01-31,0.9616,0.9797,0.9827,0.9875,1.0012,0.9358,0.982,0.9871,0.9922,0.9963,0.9391,1.0009,0.9681,0.9846,0.9912,0.9418,0.9755,0.9847,0.982,0.9997,0.9071,0.9248000000000001,0.9636,0.985,1.0052
2002-02-28,0.9363,0.9825,1.0052,1.025,1.0286,0.9659,0.9858,1.0156,1.0289,1.0354,0.9612,0.998,1.0077,1.0319,1.0447,0.9586,0.9906,1.0143,1.0305,1.0233,0.986,0.9754,1.0253,1.0371,0.9999
2002-03-31,1.0389,1.0442,1.0267,1.0264,1.0441,1.0767,1.0399,1.0516,1.0356,1.0441,1.0711,1.0637,1.0504,1.0464,1.0397,1.096,1.0834,1.0506,1.0382,1.0552,1.0876,1.0512,1.0377,1.0417,1.0329
2002-04-30,0.9822,1.0175,1.0355,1.0481,1.0443,0.9947,1.0235,1.0379,1.0561,1.0465,0.9859,1.0249,1.0314,1.0408,1.0518,0.9624,0.9765,1.0238,1.0552,1.0228,0.9209,0.9798,1.0233,1.0364,0.991
2002-05-31,0.9843,1.0215,1.044,1.0398,1.0432,0.9899,1.0338,1.0307,1.0493,1.0534,1.0042,1.011,1.0311,1.0273,1.017,0.9668,0.9947,1.047,1.0297,1.0481,0.967,0.9953,1.0007,1.0234,1.0343
2002-06-30,0.9273,0.998,1.0232,1.032,1.0171,0.9069,0.9821,1.0093,1.0308,1.0141,0.9316,0.9694,0.9965,1.0188,1.0211,0.9042,0.9426,1.0113,1.0127,1.0106,0.897,0.9745,0.9937,1.0021,1.0134
2002-07-31,0.8999,0.9188000000000001,0.963,0.9547,0.9549,0.8564,0.8977999999999999,0.929,0.9364,0.9396,0.8589,0.8835999999999999,0.896,0.9276,0.9407,0.846,0.8769,0.9156,0.924,0.9325,0.8544,0.8742,0.9155,0.9114,0.9021
2002-08-31,0.955,0.9759,0.9921,0.9968,1.0075,0.9231,0.9918,0.9813,0.9934,1.0077,0.9742,0.9891,0.986,1.0058,1.0145,0.9699,0.991,1.0037,1.0015,1.0091,1.0093,0.9982,1.0086,1.0045,1.0112
2002-09-30,0.7976,0.8573,0.9035,0.9467,0.9404,0.7661,0.8699,0.9043,0.9362,0.9389,0.7802,0.8621,0.9145,0.9319999999999999,0.9542,0.7293000000000001,0.849,0.9158999999999999,0.9422,0.9519,0.7331,0.8701,0.8851,0.9214,0.9315
2002-10-31,1.0776,1.0105,1.0093,1.0115,1.0267,1.0494,1.0157,1.0011,1.0231,1.0294,1.1108,1.0465,1.0192,1.0149,1.055,1.1514,1.0782,1.0144,1.0508,1.0289,1.1921,1.0654,1.078,1.0937,1.0544
2002-11-30,1.1191,1.0603,1.042,1.0311,1.0385,1.1006,1.0717,1.0378,1.027,1.0429,1.1592,1.0683,1.0356,1.0357,1.0324,1.1514,1.0822,1.061,1.0197,1.0114,1.1428,1.0368,1.0298,0.9944,0.9744
2002-12-31,0.9242,0.9913,1.034,1.0399,1.0521,0.9389,1.01,1.0372,1.04,1.0527,0.9175,0.967,1.0009,1.0539,1.0515,0.897,0.925,0.9876,1.0226,1.0372,0.9088,0.9504,0.9659,1.0232,1.0456
2003-01-31,0.9739,0.9846,0.9918,1.0102,1.019,0.9796,0.976,0.9833,1.0162,1.0044,0.9879,0.9573,0.9758,0.9882,0.9997,0.9646,0.9603,0.9799,0.9915,0.9878,0.9787,0.9493,0.9566,0.9528,0.985
2003-02-28,0.9314,0.9579,0.9809,0.982,0.9822,0.9349000000000001,0.9356,0.964,0.988,0.9955,0.8892,0.9369000000000001,0.9492,0.9924,0.9942,0.8965,0.9351,0.9661,0.9791,1.0088,0.8959,0.9804,0.9863999999999999,0.9851,0.9816
2003-03-31,0.9508,0.9763,0.9651,0.9933,1.0047,0.9927,0.971,0.9976,1.004,0.999,0.9819,1.0153,1.0123,1.0126,1.0075,0.9536,0.9847,0.9959,0.997,1.0049,0.9574,0.9906,0.9889,0.9776,1.0063
2003-04-30,1.2286,1.1473,1.1153,1.0819,1.0763,1.2264,1.1399,1.1016,1.0917,1.0753,1.2306,1.1607,1.1436,1.0872,1.0602,1.2788,1.1714,1.1208,1.0853,1.0585,1.2829,1.1273,1.1171,1.0885,1.0438
2003-05-31,1.1522999999999999,1.1108,1.1047,1.0925,1.0986,1.1572,1.1094,1.113,1.0816,1.0998,1.1346,1.1109,1.0916,1.0908,1.0917,1.1332,1.0775,1.0986,1.0709,1.0824,1.0795,1.0653,1.069,1.0671,1.0902
2003-06-30,1.0689,1.0443,1.0584,1.0188,1.0218,1.0665,1.0488,1.0258,1.0189,1.0187,1.0486,1.0091,1.0314,1.0136,1.0107,1.0297,1.015,1.0051,1.0005,0.9995,1.0294,1.03,1.01,0.9938,0.9689
2003-07-31,1.0934,1.0448,1.0293,1.0134,1.0246,1.057,1.0309,1.0271,1.0195,1.0335,1.073,1.0403,1.013,1.0053,0.9975,1.106,1.0307,1.0138,1.0236,1.0177,1.0808,1.0018,1.0175,0.9891,0.9874
2003-08-31,1.0512,1.0373,1.0209,1.0237,1.0366,1.0555,1.025,1.0212,1.0107,1.0244,1.0789,1.0203,1.0275,1.0088,1.0204,1.0456,1.0286,1.011,1.0098,0.9975,0.999,1.0124,0.9761,0.9772,1.0003
2003-09-30,1.0639,1.059,1.0725,1.0593,1.0724,1.0388,1.055,1.0387,1.067,1.0616,1.0427,1.0466,1.0654,1.0636,1.0525,1.0271,1.0382,1.0452,1.0349,1.0654,1.0215,1.0232,1.019,1.0149,1.0305
2003-10-31,1.0401,1.0347,1.0406,1.0584,1.0915,1.0343,1.0434,1.0431,1.059,1.0855,1.0714,1.0384,1.0471,1.0713,1.0902,1.0505,1.0497,1.0257,1.079,1.1127,1.0214,1.0474,1.0838,1.0845,1.1097
2003-11-30,1.0391,1.0462,1.054,1.057,1.0482,1.024,1.0483,1.0548,1.0491,1.0542,1.058,1.0446,1.0399,1.0542,1.0421,1.02,1.037,1.0591,1.0385,1.0492,1.0453,1.0508,1.0534,1.0375,1.0247
2003-12-31,1.0435,1.0539,1.0572,1.0633,1.0621,1.048,1.0734,1.0616,1.0494,1.0561,1.0498,1.0531,1.0613,1.0617,1.0523,1.0689,1.0631,1.0418,1.0544,1.0694,1.0859,1.0757,1.0825,1.0715,1.053
2004-01-31,1.0521,1.0438,1.045,1.0642,1.1033,1.0378,1.0544,1.0542,1.0629,1.0893,1.0511,1.0319,1.0355,1.0444,1.0767,1.0315,1.038,1.0386,1.0406,1.075,1.0087,1.014,1.0138,1.0236,1.0535
2004-02-29,1.0281,1.0348,1.039,1.0369,1.0446,1.0371,1.0434,1.0464,1.0406,1.0407,1.0328,1.0362,1.0509,1.0473,1.0531,1.0451,1.0473,1.0404,1.051,1.0403,1.0242,1.0343,1.0276,1.0231,1.0293
2004-03-31,0.9709,0.9842,0.9861,0.9778,0.9502,0.9729,1.0023,0.9827,0.9705,0.9539,0.9873,0.9899,0.9902,0.9836,0.9548,0.9849,1.0066,0.9814,0.9725,0.9596,0.9801,0.9555,0.9648,0.9519,0.9428
2004-04-30,0.9784,0.9939,0.9915,0.9865,0.9763,0.9755,0.9891,0.9893,0.993,0.9686,0.9973,0.9978,0.9778,0.9867,0.9791,0.9981,0.9731,0.9921,0.9809,0.9673,1.0072,0.9823,0.9863999999999999,0.9755,0.9835
2004-05-31,0.9903,0.9988,1.0127,1.009,0.9867,1.0164,1.0001,1.0162,1.0039,0.9987,1.0114,1.021,1.0137,1.0095,1.0016,1.0211,1.0117,1.0187,1.0073,1.0043,1.0134,1.0134,1.0218,1.0195,1.011
2004-06-30,1.0018,0.9953,1.0152,1.0228,1.0225,1.0269,1.0198,1.0277,1.0319,1.0373,1.0153,1.0276,1.037,1.0367,1.0405,1.0131000000000001,1.0256,1.0337,1.0291,1.0427,1.0157,1.0133,1.0187,1.026,1.036
2004-07-31,0.962,0.9765,0.9806,0.9715,0.9687,0.9553,0.9817,0.9763,0.9578,0.9694,0.9598,0.9785,0.9884,0.9725,0.967,0.9418,0.9748,0.9757,0.9697,0.958,0.9662,0.963,0.9847,0.9742,0.9511000000000001
2004-08-31,0.9839,1.0129,1.0035,1.004,1.0023,0.9868,0.9995,1.0042,1.0139,1.0098,0.9849,1.0001,1.0128,1.0,1.0076,0.9934,1.0089,1.0076,1.0112,1.0182,1.0092,1.009,0.9914,1.0111,1.0041
2004-09-30,1.0158,1.0335,1.041,1.0419,1.051,1.0397,1.0359,1.0363,1.0603,1.0487,1.0464,1.0326,1.0304,1.0512,1.0702,1.0296,1.0431,1.0559,1.0399,1.0588,1.0326,1.0275,1.0439,1.0659,1.0438
2004-10-31,1.0389,1.0457,1.045,1.0493,1.0631,1.0366,1.0473,1.0477,1.0287,1.0475,1.0435,1.045,1.0406,1.0432,1.0467,1.0434,1.0311,1.0391,1.0338,1.0284,1.0458,1.0399,1.0448,1.041,1.0382
2004-11-30,1.0842,1.0766,1.0764,1.083,1.1033,1.0883,1.0823,1.0945,1.083,1.107,1.0931,1.087,1.0855,1.0838,1.1019,1.0933,1.0776,1.0666,1.0798,1.076,1.0669,1.0672,1.0574,1.063,1.0767
2004-12-31,1.0308,1.045,1.0506,1.058,1.0562,1.0338,1.052,1.0541,1.0468,1.0668,1.045,1.0418,1.0625,1.0493,1.0576,1.0374,1.0577,1.0565,1.0702,1.0389,1.0401,1.0427,1.0565,1.0271,1.0425
2005-01-31,1.0248,1.0187,1.0155,1.0234,1.0407,1.0214,1.0255,1.0241,1.0233,1.0145,1.0139,1.0218,1.0,1.0221,1.0294,1.0154,1.0003,1.0043,0.9973,1.001,0.9662,0.9921,0.9834,0.9835,0.981
2005-02-28,1.0464,1.0528,1.0635,1.0703,1.0645,1.0346,1.0396,1.0401,1.0675,1.0765,1.0531,1.0487,1.0609,1.0503,1.0694,1.049,1.0508,1.0419,1.0527,1.0434,1.0471,1.0352,1.0603,1.0464,1.0354
2005-03-31,0.9489,0.9779,0.9863,1.0,0.9905,0.9599,0.972,0.9793,0.9671,0.9859,0.9633,0.9785,0.9813,0.9617,0.9829,0.9698,0.9732,0.9669,0.9784,0.9562,0.9925,0.983,0.9701,0.9696,0.9651
2005-04-30,0.9698,0.9872,0.9912,0.9815,0.9865,0.9553,0.9789,0.982,0.9801,0.9834,0.9517,0.9684,0.97,0.9742,1.0107,0.9543,0.965,0.9756,0.9731,0.97,0.9736,0.9884,0.9709,0.9738,0.9735
2005-05-31,0.9575,0.9648,0.9773,0.9782,0.9821,0.9888,0.9935,0.9745,0.9885,1.0072,0.9939,0.9916,0.9961,1.0066,1.0151,1.0086,1.0094,1.0096,1.016,1.0032,1.0078,0.9994,0.9989,1.0048,1.0199
2005-06-30,1.0035,1.0044,1.0218,1.0279,1.038,0.9978,1.0199,1.0148,1.0309,1.0468,1.0095,1.0194,1.0118,1.0328,1.0394,1.0097,1.0079,1.0184,1.015,1.0326,1.0075,1.0039,1.0324,1.0087,1.054
2005-07-31,1.0305,1.0384,1.0309,1.0343,1.0586,1.0354,1.0381,1.0398,1.0518,1.061,1.0411,1.04,1.0406,1.0486,1.0718,1.0417,1.0263,1.0437,1.0369,1.0453,1.0489,1.0355,1.0381,1.0425,1.0346
2005-08-31,1.0386,1.0343,1.0458,1.0462,1.0531,1.0311,1.0314,1.0317,1.0377,1.0597,1.0153,1.0444,1.0459,1.0366,1.0598,1.0275,1.0195,1.0312,1.0274,1.0388,1.0094,1.0131000000000001,1.0162,1.0357,1.05
2005-09-30,0.9919,1.0081,1.0095,1.0228,1.0303,0.9933,1.014,1.0034,1.0202,1.0301,0.9953,1.017,1.0179,1.0258,1.034,1.0042,1.0039,1.0176,1.0306,1.0378,1.0031,1.0067,1.0321,1.0273,1.0251
2005-10-31,0.9609,0.974,0.9818,0.9778,0.956,0.9633,0.9633,0.9651,0.9604,0.9563,0.9672000000000001,0.9641,0.9668,0.9553,0.9441,0.9563,0.9703,0.9773,0.9549,0.9271,0.9796,0.975,0.9761,0.9505,0.9731
2005-11-30,0.9946,0.9936,1.0035,1.0092,1.0099,1.0006,1.0099,1.0256,1.0184,1.0144,1.0202,1.0258,1.0245,1.019,1.0355,1.0348,1.0234,1.0298,1.0296,1.0137,0.9919,1.0233,1.0173,1.0228,1.0155
2005-12-31,1.0355,1.0341,1.0366,1.042,1.0471,1.0393,1.038,1.0345,1.0425,1.064,1.0398,1.0318,1.0519,1.0459,1.0713,1.0501,1.0463,1.0518,1.0592,1.0694,1.0352999999999999,1.0542,1.0287,1.0451,1.0292
2006-01-31,1.0867,1.0683,1.0756000000000001,1.0789,1.1107,1.0793,1.0751,1.0854,1.0852,1.115,1.0855,1.0584,1.0822,1.0598,1.1208,1.066,1.0806,1.0726,1.0886,1.1174,1.0177,1.0615,1.0617,1.0801,1.0939
2006-02-28,1.0097,1.0229,1.0151,1.0301,1.0495,1.0176,1.03,1.0373,1.0408,1.0397,1.0192,1.0263,1.0264,1.0251,1.0312,1.0082,1.0198,1.0369,1.0218,1.0306,1.0114,1.021,0.9943,1.0031,0.9881
2006-03-31,1.0333,1.0476,1.0603,1.0612,1.0617,1.0351,1.0571,1.0501,1.0655000000000001,1.0728,1.0445,1.0464,1.0407,1.0459,1.0722,1.039,1.0531,1.0477,1.0521,1.0749,1.0484,1.0295,1.0403,1.0336,1.0684
2006-04-30,1.0556,1.0713,1.0826,1.0884,1.0977,1.0471,1.0614,1.0562,1.0777,1.1029,1.0456,1.0449,1.0508,1.0733,1.0888,1.0442,1.0567,1.0579,1.0615,1.0925,1.051,1.048,1.0506,1.0511,1.0789
2006-05-31,0.967,0.9581,0.9579,0.9663,0.9387,0.976,0.9816,0.9514,0.9632000000000001,0.9348,0.9627,0.9681,0.9656,0.9595,0.9419,0.9852,0.9808,0.964,0.9543,0.9482,0.9947,0.9705,0.9595,0.9631,0.9485
2006-06-30,0.9769,0.9824,0.9915,0.9871,0.9636,0.9891,0.9915,0.9917,0.9813,0.9609,1.0058,0.9975,1.0148,0.9958,0.9824,0.9992,1.0022,0.9992,1.0012,0.9965,1.0096,1.0088,1.0024,0.996,0.9964
2006-07-31,0.9899,0.9932,1.0082,1.0099,1.0032,1.0,0.9952,0.9988,1.0019,1.0011,0.9973,1.0111,0.9854,1.0132,0.991,1.0127,1.0209,1.0151,1.0067,0.992,1.0085,1.0191,1.0213,1.0191,1.0162
2006-08-31,1.0247,1.0281,1.0265,1.0259,1.0374,1.039,1.0122,1.0265,1.0386,1.022,1.0498,1.0311,1.0306,1.0342,1.0214,1.0373,1.036,1.031,1.0432,1.0199,1.012,1.0325,1.0456,1.0334,1.0195
2006-09-30,0.9954,1.0054,1.0008,1.0098,1.0004,1.0012,1.0166,0.9972,1.017,1.0104,1.022,1.0194,1.0262,1.0091,1.0171,1.0145,1.0226,1.0269,1.0196,1.0117,1.0091,1.0048,1.0063,1.0183,1.019
2006-10-31,1.0267,1.0317,1.0273,1.0342,1.0431,1.0429,1.0389,1.0469,1.0578,1.0558,1.0347,1.0444,1.0539,1.0542,1.0565,1.0489,1.0443,1.0447,1.0586,1.0637,1.049,1.0423,1.0394,1.0208,1.052
2006-11-30,1.0446,1.0598,1.0579,1.056,1.0634,1.055,1.0525,1.0668,1.0786,1.0916,1.0595,1.0573,1.0451,1.0627,1.0684,1.0542,1.0555,1.0578,1.0725,1.0655999999999999,1.0378,1.0308,1.0352,1.0257,1.0583
2006-12-31,1.0324,1.0417,1.0435,1.0389,1.0555,1.0331,1.0419,1.0451,1.0397,1.0578,1.0242,1.0499,1.0558,1.0598,1.0642,1.0297,1.046,1.0519,1.0532,1.0589,1.0201,1.0315,1.0356,1.0425,1.0655000000000001
2007-01-31,1.0256,1.0248,1.043,1.0395,1.0363,1.0218,1.0408,1.0238,1.0236,1.0513,1.0195,1.0215,1.0273,1.0289,1.0179,0.9962,1.0123,0.999,1.0254,1.0121,0.9923,1.0153,1.0237,0.9988,1.0044
2007-02-28,1.0051,1.0231,1.0178,1.0122,1.0058,1.0035,1.015,1.0149,1.0184,1.0274,1.0064,1.0164,1.0269,1.0154,1.0038,1.0065,0.9945,1.0076,0.9964,0.9975,0.9914,0.9942,0.993,1.0039,1.0105
2007-03-31,1.0253,1.0299,1.0448,1.0447,1.0495,1.0366,1.0445,1.0528,1.046,1.0497,1.0424,1.0516,1.0552,1.054,1.0728,1.0448,1.059,1.045,1.0448,1.061,1.0363,1.0266,1.0408,1.0567,1.0456
2007-04-30,1.0561,1.0519,1.0556,1.0651,1.066,1.0457,1.0444,1.0465,1.0628,1.0904,1.0362,1.0552,1.0647,1.0556,1.0582,1.0465,1.0451,1.0494,1.0474,1.0571,1.0646,1.0725,1.0564,1.065,1.0538
2007-05-31,0.9969,1.0079,1.021,1.0226,1.0299,0.9932,1.0203,1.0159,1.0165,1.0266,0.9907,1.0385,1.0159,1.0108,1.0134,1.0172,1.012,1.0111,1.0238,1.0153,1.0176,1.0333,1.0077,1.0199,1.0284
2007-06-30,1.0084,1.0129,1.0136,1.0135,1.0222,1.0022,0.9993,1.0066,0.9903,0.9952,0.9805,0.9867,0.9958,0.9749,0.9812,0.9947,0.9925,0.9729,0.9687,0.9689,1.0284,0.9959,0.9929,1.0053,1.0207
2007-07-31,0.9952,0.9973,0.9995,1.0072,0.9942,0.9799,0.9934,0.9936,1.0081,1.0093,0.9954,0.9979,0.9876,0.9945,1.0122,0.987,0.9876,0.9732,0.9992,0.9921,0.9761,0.9775,0.9777,0.9678,0.9991
2007-08-31,0.9461,0.9641,0.9591,0.9534,0.954,0.9591,0.9515,0.9679,0.9623,0.9597,0.9653,0.9654,0.9615,0.9677,0.9597,0.9776,0.9774,0.9627,0.9613,0.9726,0.9786,0.9887,0.9975,1.0008,0.9834
2007-09-30,1.0054,1.021,1.03,1.0322,1.0333,0.9993,1.0174,1.0092,1.0159,1.0289,1.0099,1.0096,1.0062,1.0151,1.0269,0.9814,1.0357,1.0267,1.0329,1.0695999999999999,1.032,1.0515,1.0623,1.0908,1.0894
2007-10-31,1.015,1.0259,1.0358,1.0322,1.047,1.0333,1.0373,1.0427,1.0566,1.0728,1.0484,1.0487,1.055,1.0396,1.0712,1.0436,1.0517,1.0379,1.0358,1.0772,1.0213,1.0315,1.0508,1.0658,1.0735
2007-11-30,0.8963,0.9313,0.9207,0.9354,0.9303,0.9017999999999999,0.9368,0.9168000000000001,0.9193,0.9336,0.8858,0.9316,0.9389,0.9319999999999999,0.9228000000000001,0.9224,0.9513,0.9489,0.9523,0.9427,0.9576,0.9613,0.9729,0.9915,0.9777
2007-12-31,0.959,0.9794,0.9795,0.973,0.9894,0.957,0.9683,0.9827,0.9885,0.976,0.9655,0.9728,0.9502,0.9807,0.9756,0.9495,0.9741,0.9872,0.9886,0.9784,0.9495,0.9955,0.9982,0.982,0.9902
2008-01-31,0.9038,0.9134,0.9328,0.9186,0.9054,0.9158,0.8981,0.8934,0.8924,0.8909,0.9114,0.8942,0.9069,0.897,0.9165,0.9173,0.9001,0.9121,0.8976,0.9083,0.9001,0.9031,0.8843,0.9047000000000001,0.9081
2008-02-29,1.0427,1.0403,1.0366,1.0485,1.0459,1.0453,1.0502,1.0468,1.0642,1.05,1.0313,1.0388,1.0513,1.0676,1.0304,0.9769,1.0352999999999999,1.0426,1.0445,1.0579,0.9604,1.0084,1.0105,1.0247,1.0337
2008-03-31,0.9559,0.984,0.9955,1.0101,0.9925,0.9866,0.995,1.0092,1.0291,1.0164,1.0125,1.0158,1.0127,1.0068,0.9981,0.9998,1.0194,1.0117,1.0096,1.0033,1.0019,1.038,1.0103,0.9908,0.9902
2008-04-30,1.0288,1.0115,1.0213,1.0103,1.0231,1.0146,1.0341,1.0294,1.0025,1.0193,1.0109,1.0178,1.0285,1.0206,1.0548,1.0324,1.0272000000000001,1.0257,1.0151,1.0362,1.0796999999999999,1.0475,1.0486,1.061,1.0469
2008-05-31,0.9999,1.018,1.0072,1.0148,1.0258,1.0057,1.0069,0.9991,1.0104,1.0167,0.9803,1.022,1.0221,1.02,1.0418,0.9982,1.0104,1.0148,1.0065,1.028,0.9374,0.992,1.0168,1.0248,1.0325
2008-06-30,0.8949,0.9412,0.9375,0.9828,0.969,0.8605,0.9085,0.9407,0.958,0.9827,0.8476,0.919,0.9505,0.9585,0.9643,0.8443,0.8752,0.9129,0.9443,0.9683,0.8401,0.8634,0.9121,0.9279999999999999,0.9619
2008-07-31,0.9322,0.9473,0.9666,0.9578,0.9444,0.9525,0.9478,0.9676,0.9644,0.9327,0.9706,0.9390000000000001,0.9528,0.9572,0.9277,0.9395,0.9631,0.9658,0.9417,0.9313,1.0005,0.9988,0.9764,0.9551,0.9411
2008-08-31,0.9503,0.9401,0.9339999999999999,0.9388,0.9393,0.9935,0.9581,0.9604,0.9484,0.9272,1.0078,0.9759,0.956,0.9443,0.9299999999999999,0.9873,0.9863,0.9742,0.958,0.9549,0.9982,0.961,0.9639,0.9415,0.9243
2008-09-30,0.7996,0.8268,0.8517,0.8725,0.8728,0.8068,0.8173,0.8277,0.8532,0.8351999999999999,0.8064,0.8238,0.842,0.8294,0.8139000000000001,0.8337,0.8518,0.851,0.8059000000000001,0.8424,0.8051,0.8495,0.8749,0.8793,0.8378
2008-10-31,0.6919,0.7089000000000001,0.7375,0.7651,0.7744,0.6988,0.7219,0.7233,0.7663,0.7665,0.6957,0.6888,0.7211000000000001,0.7514000000000001,0.7812,0.7287,0.7511,0.7352000000000001,0.7247,0.7889999999999999,0.6663,0.7401,0.8049,0.8176,0.9039
2008-11-30,0.8783,0.9118999999999999,0.9117999999999999,0.9064,0.9498,0.8952,0.8931,0.9027000000000001,0.9206,0.9496,0.8953,0.9182,0.9191,0.9499,0.9566,0.9102,0.9293,0.9658,0.9611,0.9429,0.9054,0.9495,0.9316,0.9579,0.8883
2008-12-31,1.012,1.0352,1.0424,1.0355,1.0672,1.0613,1.0719,1.0915,1.0499,1.0717,1.0648,1.0484,1.0558,1.085,1.0869,1.0403,1.0811,1.0742,1.0619,1.0718,1.0761,1.1138,1.0956,1.0267,1.0629
2009-01-31,0.9588,0.9333,0.9242,0.9336,0.9279999999999999,0.9264,0.9319999999999999,0.9345,0.9348,0.9447,0.891,0.9137,0.9111,0.9402,0.9187,0.8745,0.893,0.9057999999999999,0.9328,0.9404,0.8213,0.8439,0.8803,0.9027000000000001,0.9005
2009-02-28,0.907,0.9295,0.9434,0.9538,0.9593,0.9001,0.9154,0.9265,0.9405,0.9639,0.9101,0.9177,0.9298,0.9295,0.9597,0.8453999999999999,0.9003,0.8934,0.922,0.9385,0.8405,0.9104,0.8879,0.9193,0.885
2009-03-31,1.0724,1.0494,1.0269,1.0378,1.0442,1.1303,1.0611,1.0288,1.0131000000000001,0.9987,1.139,1.0832,1.0571,1.0221,1.0412,1.2168,1.0737,1.0659,1.0276,1.0316,1.1966,1.1132,1.0704,1.0307,1.0446
2009-04-30,1.3218,1.1865999999999999,1.1164,1.0888,1.0481,1.3697,1.2307000000000001,1.1828,1.0985,1.0742,1.3253,1.2314,1.1555,1.1162,1.0438,1.2789,1.2306,1.1666,1.1025,1.0505,1.3578000000000001,1.2570000000000001,1.1519,1.0496,1.021
2009-05-31,1.2033,1.1656,1.1280999999999999,1.1232,1.1051,1.2029,1.1684,1.1425,1.1073,1.1229,1.1716,1.1383,1.1413,1.0772,1.0871,1.2056,1.1369,1.1231,1.1207,1.0951,1.1482,1.1521,1.113,1.13,1.083
2009-06-30,1.0064,0.9932,0.99,1.005,1.0003,0.9715,0.9907,1.0058,1.0078,1.0046,0.981,0.9901,0.9958,1.009,0.992,0.942,0.9587,0.9778,0.9887,0.9851,0.9839,0.9652000000000001,0.9634,0.9949,1.0122
2009-07-31,1.0514,1.0384,1.0407,1.0404,1.0524,1.0878,1.0643,1.0538,1.061,1.0803,1.1052,1.0829,1.0714,1.0573,1.0879,1.1371,1.1182,1.0913,1.0944,1.078,1.1459,1.1075,1.0972,1.1136,1.0809
2009-08-31,1.1199,1.0702,1.0477,1.0537,1.0412,1.1615,1.0948,1.076,1.0634,1.0401,1.1273,1.0729,1.0726,1.0558,1.0447,1.1229,1.0758,1.05,1.0522,1.038,1.1044,1.089,1.048,1.0307,0.947
2009-09-30,1.0862,1.0579,1.0676,1.0585,1.0588,1.0939,1.0479,1.0528,1.0615,1.0688,1.0954,1.0826,1.0674,1.0575,1.0506,1.0998,1.0779,1.0513,1.0605,1.0607,1.0698,1.06,1.0479,1.04,1.0335
2009-10-31,0.9911,1.0171,0.9944,1.0075,0.9996,0.9625,0.9942,1.0001,1.0262,1.0113,0.9634,0.9806,0.9866,0.9896,0.9852,0.9315,0.9757,0.9618,0.9781,0.9805,0.9438,0.9741,0.9952,1.0031,0.9907
2009-11-30,0.9905,1.0045,1.0,0.9996,1.0191,0.9943,1.0012,0.999,1.0099,1.0147,1.0063,1.0131000000000001,0.9896,1.0376,1.0319,1.024,1.0176,1.0436,1.0317,1.0496,1.0229,1.0351,1.0401,1.0492,1.0255
2009-12-31,0.9729,0.9741,0.9766,0.9781,0.9851,0.9758,0.9971,0.994,1.0001,0.991,0.9797,0.9863,1.0063,1.018,1.0131000000000001,1.0064,1.0085,1.004,1.0159,1.0056,1.0122,1.027,1.0093,1.0008,1.0061
2010-01-31,0.9772,0.9909,0.9976,1.012,1.0105,0.9826,0.9809,0.983,0.9862,1.0056,0.9707,0.9737,0.9833,1.0081,0.9856,0.9721,0.9648,0.9866,0.9538,0.9645,0.9375,0.9482,0.9437,0.9249,0.9137
2010-02-28,0.9607,0.9666,0.9676,0.9869,0.9745,0.968,0.9718,0.9656,0.9769,0.9701,0.9549,0.9759,0.9696,0.964,0.9636,0.9475,0.9878,0.972,0.9718,0.979,0.9798,0.9837,0.9879,0.9714,0.9855
2010-03-31,1.0157,1.0339,1.0366,1.0636,1.0531,1.0331,1.0668,1.0672,1.0661,1.0651,1.0527,1.0523,1.0655000000000001,1.0766,1.1203,1.0402,1.0632,1.0775,1.1033,1.1135,1.0406,1.0457,1.0554,1.1046,1.1066
2010-04-30,0.9892,1.0078,1.011,1.0105,1.0285,0.9809,1.0043,1.0128,1.0186,1.0248,0.991,0.9777,1.0155,0.9977,1.0157,0.9513,0.9812,0.9948,1.0146,1.0222,0.9607,0.981,0.989,0.9779,0.9685
2010-05-31,0.8722,0.8872,0.8818,0.8981,0.8928,0.8561,0.8812,0.863,0.873,0.872,0.8593999999999999,0.8774,0.8737,0.886,0.8535,0.8514,0.8654,0.8914,0.8852,0.8408,0.8616,0.8815,0.8812,0.908,0.8646
2010-06-30,0.9862,1.0044,1.0022,1.0218,0.9963,0.9592,0.9895,0.9994,0.9992,0.9778,0.9779,0.9929,0.9747,0.9762,0.9821,0.9769,0.9908,1.0034,0.9925,1.0,0.9651,0.9674,1.0162,1.0087,1.0056
2010-07-31,1.0898,1.0639,1.0802,1.1,1.1116,1.1341,1.108,1.1048,1.1017,1.1174,1.1141,1.104,1.1106,1.1039,1.1494,1.1532,1.126,1.0935,1.1255,1.1296,1.1745,1.1319,1.0903,1.1,1.1111
2010-08-31,0.9457,0.9727,0.9682,0.9705,0.9869,0.9198999999999999,0.946,0.9581,0.9753,0.9659,0.9228000000000001,0.9623,0.9572,0.9739,0.9706,0.9366,0.9356,0.9486,0.9761,0.9668,0.9181,0.975,0.9668,0.9647,0.9667
2010-09-30,1.0867,1.1011,1.1044,1.1134,1.146,1.1019,1.1126,1.1303,1.1464,1.1632,1.0975,1.1134,1.1254,1.1367,1.1433,1.1018,1.1313,1.1323,1.1507,1.152,1.1001,1.098,1.1025,1.1359,1.1479
2010-10-31,1.0336,1.0441,1.0518,1.0532,1.0781,1.048,1.0569,1.0663,1.0459,1.0509,1.0555,1.0608,1.0464,1.0539,1.0512,1.0642,1.0553,1.0467,1.0567,1.0566,1.0478,1.0553,1.0467,1.0523,1.0298
2010-11-30,0.9026,0.935,0.9464,0.9542,0.9691,0.8874,0.9319,0.945,0.9556,0.9796,0.8587,0.9218999999999999,0.9268,0.9489,0.9513,0.8541,0.9182,0.9281,0.9424,0.9687,0.8652,0.9071,0.9292,0.9497,0.9768
2010-12-31,1.0787,1.075,1.0893,1.0991,1.0912,1.1114,1.1142,1.1135,1.1239,1.1276,1.0899,1.1144,1.1188,1.1416,1.1371,1.0703,1.1104,1.0986,1.1095,1.1211,1.094,1.0789,1.0899,1.0689,1.0977
2011-01-31,1.0555,1.0492,1.0499,1.0569,1.0636,1.0421,1.0303,1.0398,1.0315,1.036,1.0939,1.0437,1.0173,1.001,0.9993,1.1003,1.0486,1.0242,1.0162,0.9805,1.0991,1.0444,1.0285,1.0032,0.9738
2011-02-28,1.0169,1.0236,1.037,1.0205,1.0282,1.0315,1.0252,1.0209,1.0106,1.021,1.0219,1.027,1.0178,1.0216,1.0148,1.0506,1.032,1.0388,1.0243,1.0252,1.0219,1.0383,1.0281,1.0332,1.0382
2011-03-31,0.9907,1.0098,0.9989,1.0222,1.0165,1.0125,1.0093,1.0112,1.0333,1.0183,1.0018,1.0106,1.0168,1.0259,1.0105,1.0034,1.0112,1.0108,1.0261,1.0357,0.9653,1.004,0.9927,1.0016,1.0052
2011-04-30,1.0389,1.0641,1.0683,1.0655000000000001,1.0743,1.0561,1.0633,1.071,1.0831,1.1011,1.0465,1.07,1.0793,1.0694,1.0876,1.0551,1.0728,1.07,1.0855,1.1075,1.0778,1.0804,1.0875,1.0745,1.0996
2011-05-31,0.9411,0.9835,0.9734,0.9783,0.9777,0.9533,0.9767,0.9621999999999999,0.9743,0.9752,0.9456,0.9717,0.9713,0.9929,0.977,0.9621999999999999,0.9694,0.9757,0.9765,0.9666,0.9575,0.9999,0.9589,0.9657,0.9583
2011-06-30,0.9555,0.977,0.9751,0.9712,0.9723,0.951,0.9785,0.9709,0.9662,0.9756,0.9493,0.9715,0.965,0.9826,0.9584,0.9356,0.9909,0.9706,0.9785,0.9727,0.9537,0.9813,0.9859,0.9946,1.0159
2011-07-31,0.9718,0.9918,0.9909,0.9863,0.9773,0.9468,0.9668,0.9687,0.9784,0.9707,0.9342,0.9606,0.9776,0.9657,0.9688,0.9436,0.9696,0.968,0.9703,0.9652000000000001,0.9480999999999999,0.9788,0.9609,0.9712,0.9711
2011-08-31,0.8909,0.9303,0.9235,0.9097999999999999,0.9163,0.9443,0.8966000000000001,0.9177,0.9198999999999999,0.8868,0.89,0.9055,0.916,0.9189,0.897,0.9151,0.9072,0.9205,0.9102,0.8868,0.8608,0.9187,0.9145,0.8952,0.8723
2011-09-30,0.8588,0.8826,0.8872,0.8934,0.8755,0.8381,0.8599,0.8798,0.8662,0.8733,0.8373999999999999,0.8766,0.892,0.8634,0.8673,0.8698,0.8739,0.8845,0.8657,0.8563000000000001,0.8975,0.9068,0.9075,0.8842,0.8203
2011-10-31,1.0542,1.0705,1.0641,1.0557,1.071,1.0575,1.0842,1.107,1.0954,1.0966,1.0973,1.1108,1.0968,1.0899,1.0871,1.0789,1.1041,1.1059,1.0923,1.1075,1.1527,1.1196,1.1031,1.1259000000000001,1.102
2011-11-30,0.882,0.9106,0.9202,0.9317,0.9524,0.8757,0.9107000000000001,0.9289000000000001,0.9453,0.9484,0.8946000000000001,0.9392,0.9313,0.9519,0.9544,0.8952,0.9303,0.9325,0.9688,0.9759,0.8942,0.9407,0.9702,0.9768,0.9808
2011-12-31,0.97,0.9713,0.9757,0.9761,0.9828,0.9561,0.9694,0.9572,0.9805,0.9567,0.9495,0.9662,0.9656,0.9753,0.975,0.9593,0.9639,0.9681,0.9725,0.9886,0.9531,0.9648,0.9711,0.9903,1.0102
2012-01-31,1.127,1.0846,1.067,1.0436,1.0551,1.1393,1.1004,1.0593,1.0344,1.0553,1.1541000000000001,1.0961,1.0646,1.0799,1.0675,1.1354,1.0947,1.0744,1.0573,1.0201,1.1274,1.0915,1.0443,1.0367,0.9991
2012-02-29,1.0846,1.0739,1.0624,1.0546,1.0621,1.0708,1.0847,1.0674,1.0669,1.0923,1.0589,1.0694,1.0562,1.0763,1.0778,1.1014,1.0678,1.0612,1.0658,1.0602,1.1208,1.049,1.0609,1.0646,1.0543
2012-03-31,0.9928,1.0064,1.0124,1.0131000000000001,1.013,0.978,1.0125,1.0134,1.0253,1.0217,0.9808,0.9992,0.9888,1.0187,1.0066,0.9987,0.9945,1.0136,1.0044,1.0307,0.9605,0.9781,0.9973,1.009,1.016
2012-04-30,0.94,0.9718,0.9939,1.0052,1.0104,0.9311,0.9763,0.9896,1.0147,1.0148,0.9368,0.9728,0.9936,1.0139,1.0305,0.919,0.9615,0.9918,1.0069,1.0333,0.8763,0.9468,0.9774,1.0,1.0097
2012-05-31,0.8357,0.8761,0.9041,0.9041,0.8965,0.8197,0.8651,0.9013,0.8996,0.9006000000000001,0.8171999999999999,0.8754,0.8911,0.9085,0.9048,0.8001,0.8513,0.8812,0.8894,0.9027000000000001,0.832,0.8443,0.8703,0.9005,0.9118999999999999
2012-06-30,1.0307,1.0137,1.0385,1.0241,1.0248,1.0693,1.0244,1.0333,1.0243,1.0297,1.09,1.0619,1.0465,1.0408,1.0327,1.0984,1.079,1.0685,1.032,1.0399,1.1452,1.0557,1.0753,1.0657,1.069
2012-07-31,0.9716,0.9926,0.9901,0.993,1.0036,0.9582,1.0002,0.9894,1.0035,1.0192,0.9567,0.9962,1.0039,1.0002,1.0179,0.9654,1.0135,1.0209,1.0063,1.021,0.9392,1.0196,1.0133,1.024,1.0241
2012-08-31,1.0602,1.0351,1.0414,1.0447,1.0372,1.0685,1.0393,1.0486,1.0478,1.0357,1.0657,1.034,1.0462,1.0352999999999999,1.0508,1.0756000000000001,1.0452,1.0237,1.0274,1.0348,1.0867,1.0577,1.0415,1.0333,1.0235
2012-09-30,1.0583,1.0339,1.0258,1.0484,1.0469,1.0724,1.0476,1.0424,1.0714,1.0471,1.05,1.0474,1.0511,1.0398,1.0557,1.0479,1.0203,1.0556,1.0502,1.0504,1.0425,1.0213,1.0315,1.0293,1.0258
2012-10-31,0.9956,1.01,1.0139,1.0073,1.0214,1.0038,1.0123,1.0071,1.0058,1.0319,1.0123,1.013,1.0146,1.0347,1.0365,1.0137,1.0254,1.0236,1.007,1.0214,1.0255,1.0194,1.0122,1.0217,1.0087
2012-11-30,0.9786,0.9924,0.9999,1.0011,0.9959,0.9709,1.0027,1.0243,1.0103,1.016,1.0035,1.0014,1.0129,1.0112,1.0337,1.0087,1.0254,1.0338,1.0208,1.0205,1.0016,1.0221,1.0215,1.0496,1.0386
2012-12-31,1.051,1.0407,1.0498,1.0478,1.0584,1.0885,1.0611,1.042,1.0491,1.0538,1.0781,1.0577,1.0484,1.0477,1.0294,1.0489,1.0298,1.0459,1.0243,1.0342,1.041,1.0298,1.0227,1.0306,1.0262
2013-01-31,1.0819,1.0691,1.0719,1.0698,1.0758,1.0875,1.0682,1.0715,1.0836,1.0683,1.074,1.0485,1.0594,1.0537,1.053,1.0815,1.058,1.0454,1.0564,1.0564,1.0633,1.0498,1.0642,1.0682,1.0645
2013-02-28,0.9586,0.9761,0.9886,0.9934,0.9953,0.9671,0.9933,1.0095,1.0058,1.0135,0.947,0.999,0.9917,1.0023,1.0034,0.9349000000000001,0.9777,0.987,1.0054,1.0197,0.9347,0.9553,0.988,0.9755,0.9997
2013-03-31,0.9656,0.9861,0.9953,0.9872,0.9895,0.9504,0.9795,1.0001,1.0007,0.9967,0.9545,0.9838,1.0112,0.9894,1.0089,0.9592,0.999,0.9932,0.9928,1.005,0.9698,0.9952,0.9964,1.013,0.999
2013-04-30,1.0027,1.0284,1.0274,1.0385,1.0459,1.0138,1.0235,1.0308,1.0409,1.0639,1.038,1.0386,1.033,1.0295,1.0491,1.0329,1.0418,1.0393,1.0253,1.0445,1.0495,1.0448,1.0426,1.043,1.0365
2013-05-31,1.012,1.0057,1.0132,1.0113,1.0287,1.0444,1.0131000000000001,1.0334,1.0268,1.0239,1.0283,1.0079,1.0048,1.007,1.0186,1.009,1.015,1.0177,1.0182,1.0227,0.9775,1.0211,0.9861,1.0052,1.0159
2013-06-30,0.9568,0.9922,0.9856,0.9793,0.9937,0.9518,0.9788,0.9807,0.9779,0.9826,0.9479,0.9572,0.965,0.969,0.9561,0.9429,0.9737,0.9577,0.9734,0.973,0.9144,0.9609,0.9532,0.9546,0.9306
2013-07-31,1.0322,1.053,1.0476,1.068,1.068,1.0422,1.075,1.073,1.0596,1.0954,1.066,1.0629,1.0538,1.0989,1.1045,1.0776,1.0749,1.0812,1.0908,1.1118,1.0652,1.0688,1.0666,1.0761,1.109
2013-08-31,1.0328,1.0177,1.0199,1.0348,1.0258,1.042,1.0095,1.0217,1.0229,1.0047,1.0202,1.0026,0.9979,1.0026,0.9815,1.0247,1.0008,0.9935,0.9882,0.9837,1.0129,0.9896,0.9737,0.9816,0.9883
2013-09-30,1.0725,1.0599,1.0732,1.0874,1.0951,1.0586,1.0658,1.0781,1.0739,1.0952,1.064,1.0459,1.0718,1.0687,1.0969,1.0516,1.066,1.0661,1.068,1.0943,1.0605,1.07,1.0711,1.0758,1.0806
2013-10-31,1.0338,1.0292,1.0471,1.0537,1.063,1.0145,1.0297,1.0618,1.0465,1.059,1.032,1.0369,1.0556,1.0642,1.0778,1.0377,1.0505,1.0462,1.0531,1.0653,1.0542,1.0344,1.0351,1.0589,1.0437
2013-11-30,1.0047,1.0175,1.0261,1.024,1.0512,0.9999,1.0223,1.0136,1.0259,1.0418,0.9967,1.0186,1.0273,1.0057,1.0267,0.9806,1.0122,1.02,1.012,1.014,1.0081,1.0047,1.0124,1.0171,1.0436
2013-12-31,1.0116,1.0231,1.0243,1.0429,1.0274,1.0235,1.0231,1.0286,1.0362,1.0323,1.016,1.0187,1.0304,1.0298,1.0474,1.018,1.0289,1.0446,1.0392,1.0385,1.0212,1.0133,1.0208,1.0365,1.0192
2014-01-31,1.0056,1.0154,1.0303,1.0232,1.0355,0.9828,1.0139,1.0022,0.9978,1.0063,0.9768,0.9825,0.9866,0.9887,1.0009,0.9612,0.9712,0.98,0.9653,0.9982,0.9592,0.9549,0.9582,0.9785,0.9908
2014-02-28,1.0597,1.055,1.0753,1.0705,1.0777,1.075,1.0604,1.0768,1.0724,1.0871,1.0626,1.0766,1.0901,1.0925,1.0995,1.0849,1.068,1.0721,1.0809,1.1218,1.0629,1.0635,1.0813,1.0728,1.0833
2014-03-31,0.9828,1.0072,1.0115,1.001,1.0036,1.0005,0.9968,1.0107,1.0053,0.9947,0.9976,0.999,0.9886,1.0098,0.9947,1.0007,1.0027,0.9939,0.9719,0.9862,1.0062,0.9953,1.0043,0.9893,0.9673
2014-04-30,1.0087,1.0186,1.0187,1.0237,0.9969,1.0036,1.0243,1.0089,1.0045,0.9812,1.0038,1.0166,1.0021,0.996,0.9576,1.0502,1.0284,1.0125,0.9803,0.9688,1.0352,1.029,1.0248,1.0073,0.9953
2014-05-31,0.9954,0.9979,0.9941,0.9887,0.9995,0.9918,1.0032,0.9981,1.0011,1.0019,0.9948,1.0087,1.0104,0.9953,1.0118,0.9923,1.0141,1.0099,1.0159,0.9961,1.0136,1.0149,1.0038,1.015,0.9925
2014-06-30,0.9969,1.0111,1.0117,1.0052,0.9987,0.9852,0.9974,0.9988,1.0055,1.0129,1.0038,0.9971,1.0043,0.992,0.9881,0.9939,0.9832,1.0081,0.9907,0.9741,0.987,1.0053,1.0053,1.0099,0.9839
2014-07-31,0.9583,0.9694,0.9677,0.9711,0.9542,0.9482,0.9586,0.9496,0.9585,0.9403,0.9387,0.9776,0.9518,0.9631,0.9439,0.9536,0.9571,0.9505,0.9532,0.9383,0.9703,0.9591,0.9638,0.9464,0.9657
2014-08-31,0.966,0.9859,0.9938,0.9793,0.9875,0.9781,0.9906,1.0109,0.9874,0.9979,0.9814,1.0011,1.0001,0.9929,0.99,1.0018,0.9883,0.9919,1.0033,1.0006,1.0032,1.0071,1.0005,0.9999,0.9944
2014-09-30,0.9284,0.9429,0.9461,0.9509,0.9642,0.9218999999999999,0.9414,0.9339,0.9362,0.9527,0.9268,0.9405,0.9609,0.9409,0.9553,0.9355,0.9389,0.9539,0.9493,0.9685,0.9496,0.96,0.9767,0.9702,0.9755
2014-10-31,0.9202,0.9581,0.9579,0.9565,0.9505,0.9371,0.9711,0.9809,0.9875,0.9775,0.944,0.991,0.9836,0.9758,0.9697,0.9524,0.9768,0.9924,0.9985,0.9686,0.978,0.9892,0.9651,0.9717,0.9636
2014-11-30,0.9872,0.9965,1.0031,1.0088,1.0083,1.0144,1.0137,1.0188,1.0206,1.0014,1.017,1.0125,0.9991,1.0087,1.0232,1.0199,1.0242,1.0393,1.0347,1.0247,1.0385,1.0304,1.0138,1.0251,1.0078
2014-12-31,0.9455,0.9787,0.9744,0.9812,0.9846,0.9707,0.9831,0.9951,1.0039,0.9934,0.9586,0.983,0.9959,0.999,0.9806,0.9495,0.9735,0.9766,0.9936,0.9889,0.9588,0.9581,0.9588,0.9536,0.9625
2015-01-31,0.9529,0.9621,0.9821,0.9791,0.9877,0.9515,0.968,1.0007,0.9942,0.9916,0.9725,0.9924,0.9876,0.9965,1.0062,0.9548,0.9875,1.0113,1.0152,1.0096,0.9715,0.9884,0.9945,1.0109,1.0252
2015-02-28,1.0838,1.0395,1.0461,1.0468,1.0701,1.1134,1.076,1.0591,1.0613,1.0588,1.1047,1.0756000000000001,1.0735,1.0711,1.0706,1.0761,1.0705,1.0479,1.061,1.0648,1.1002,1.0824,1.0503,1.0468,1.0365
2015-03-31,0.9601,0.9848,0.988,0.9925,0.9947,0.9509,0.971,0.9829,0.9946,0.9867,0.961,0.967,0.9803,0.9819,0.9964,0.9595,0.9713,0.9784,0.9719,0.9627,0.9813,0.9737,0.9821,0.9846,0.9735
2015-04-30,1.0662,1.0705,1.0565,1.0642,1.0771,1.0843,1.0548,1.0702,1.0672,1.0562,1.0637,1.0458,1.0697,1.0659,1.057,1.0955,1.0625,1.0366,1.049,1.0563,1.0688,1.0645,1.0298,1.0381,1.0247
2015-05-31,1.0014,1.0013,1.0099,1.0145,1.0344,0.9954,1.0148,1.0164,1.0126,1.0299,0.9704,1.0127,0.9969,1.016,1.0233,0.997,1.0017,1.0019,1.0094,1.0261,0.9551,0.9861,1.0089,1.0051,1.0104
2015-06-30,0.978,1.0018,0.9998,0.9928,0.9924,0.9801,0.9958,1.001,0.9889,0.9912,0.9668,0.9847,0.9919,0.9925,0.9857,0.9593,0.991,0.9812,0.9867,0.9779,0.9636,0.9666,0.9681,0.9734,0.9693
2015-07-31,0.9899,1.0151,1.0186,1.0405,1.0332,0.9878,1.0205,1.0252,1.0186,1.0339,1.0038,1.0201,1.0044,1.023,1.0354,0.9962,1.0138,1.0262,1.0079,1.0485,1.0015,1.0255,1.0276,1.0403,1.0378
2015-08-31,0.9532,0.9817,0.9837,0.9769,0.9808,0.9449,0.9894,0.9869,0.9745,0.984,0.9444,0.9672000000000001,0.9736,0.9638,0.9758,0.9431,0.9542,0.9606,0.9476,0.9589,0.9155,0.9325,0.9443,0.9332,0.9419
2015-09-30,0.9548,0.9843,0.9841,0.9861,0.9836,0.9188000000000001,0.9537,0.9683,0.9657,0.9791,0.9215,0.9835,0.9709,0.9675,0.9801,0.9185,0.9809,0.9658,0.9677,0.9699,0.9209,0.9586,0.9677,0.9632000000000001,0.9734
2015-10-31,1.0222,1.0262,1.0294,1.0355,1.0431,1.0534,1.0012,1.0147,1.0299,1.0441,1.0738,1.028,1.0447,1.0491,1.0384,1.0723,1.0544,1.0472,1.0548,1.051,1.078,1.0626,1.0734,1.0573,1.0441
2015-11-30,0.9529,0.9828,0.9863,0.9812,1.0019,0.9631,0.9744,0.983,0.9812,0.9976,0.9482,0.9995,0.9935,0.9946,1.0004,0.9935,0.997,0.9877,1.0047,1.0169,0.9753,0.9914,0.9768,0.9812,0.9966
2015-12-31,0.9874,1.0183,1.0257,1.0209,1.0287,0.9635,1.0276,1.0236,1.0155,1.0285,0.9636,0.9882,1.0127,1.0171,1.0223,0.951,0.991,1.0035,1.0117,1.0132,0.9488,0.976,0.9801,0.9861,0.9953
2016-01-31,0.9216,0.944,0.9542,0.942,0.9209,0.9215,0.9317,0.9345,0.9326,0.9129,0.8893,0.9201,0.9455,0.9216,0.914,0.9083,0.9405,0.927,0.9268,0.9287,0.9005,0.9359,0.9554,0.9532,0.9488
2016-02-29,0.9754,0.9812,1.0009,0.9911,0.9946,1.0166,0.9928,0.993,1.0,0.9859,1.0118,0.9944,1.0172,0.9907,0.9825,1.0381,0.9902,0.9943,0.9721,1.0017,1.0034,0.9738,0.9725,0.963,0.9793
2016-03-31,1.0957,1.0811,1.0758,1.0765,1.0862,1.1313,1.0969,1.0935,1.088,1.0949,1.1141,1.0836999999999999,1.0719,1.0805,1.0674,1.0915,1.0974,1.0659,1.0682,1.0692,1.0813,1.0557,1.0557,1.0543,1.0735999999999999
2016-04-30,1.0577,1.0316,1.026,1.0275,1.0265,1.0503,1.028,1.0087,1.0154,1.0128,1.0634,1.0282,1.0037,1.0098,1.0054,1.0604,1.027,1.0166,0.9966,1.0,1.0552,1.0373,1.0145,0.9997,1.0017
2016-05-31,0.9755,0.9807,0.9912,0.9884,1.0025,0.9863999999999999,1.0103,0.9853,1.0112,1.0252,0.9662,1.0066,1.0032,1.0162,1.0485,0.9673,0.987,0.9921,1.0111,1.0354,0.9706,0.9855,1.0045,1.0149,1.01
2016-06-30,0.8832,0.9171,0.9439,0.9627,0.9526,0.8895,0.8882,0.9281,0.9627,0.9389,0.8496,0.901,0.8992,0.9575,0.9473,0.9143,0.9129,0.9193,0.9458,0.982,0.8969,0.9754,0.9646,0.9863999999999999,0.9814
2016-07-31,1.0471,1.044,1.0415,1.0471,1.0674,1.047,1.0449,1.0626,1.0618,1.0886,1.0749,1.057,1.0728,1.0595,1.0617,1.0541,1.0754,1.0464,1.05,1.0526,1.0615,1.0326,1.0378,1.0256,1.0439
2016-08-31,1.0324,1.0328,1.0289,1.0259,1.0372,1.0303,0.9991,1.0285,1.0123,1.0327,1.0326,1.0293,1.0064,1.0108,1.0144,1.05,1.0143,1.0031,1.0134,1.0038,1.0459,0.9885,0.9955,0.9933,0.9822
2016-09-30,0.9966,1.0145,1.016,1.0312,1.0491,1.0085,1.0019,1.0139,1.0241,1.0323,0.9894,1.0324,1.0146,1.0103,1.0417,0.9759,1.0009,1.0111,1.0225,1.0296,0.9803,1.0117,1.016,1.0139,1.0252
2016-10-31,0.9557,0.9701,0.9696,0.9749,0.9817,0.9697,0.9561,0.9704,0.9645,0.9631,0.9809,0.9513,0.9578,0.957,0.9731,0.9489,0.9521,0.9595,0.9522,0.9617,0.9899,0.9895,0.961,0.957,0.9619
2016-11-30,0.9875,0.9828,0.984,0.976,0.9873,1.0117,0.9912,0.9832,0.987,0.9729,0.986,0.9811,0.9714,0.9661,0.9581,1.0009,0.969,0.9739,0.9748,0.9712,0.9959,0.9729,0.9658,0.9593,0.981
2016-12-31,1.0579,1.0265,1.0364,1.0338,1.0342,1.0507,1.0349,1.0474,1.0358,1.0453,1.0711,1.0429,1.0356,1.0476,1.0227,1.0574,1.0266,1.0421,1.0295,1.025,1.0664,1.0519,1.0448,1.0532,1.0176
2017-01-31,1.0544,1.0587,1.0555,1.0658,1.0809,1.0238,1.0519,1.0455,1.0624,1.0594,1.0141,1.0461,1.0345,1.0436,1.0593,1.0253,1.0396,1.0372,1.0421,1.047,1.0043,1.0167,1.0208,1.0319,1.0416
2017-02-28,0.9918,0.9991,1.005,1.0087,1.0097,1.0154,0.9945,1.0097,1.0113,1.0067,1.0075,1.0077,1.0263,1.0178,1.0234,1.0168,1.0086,1.0119,1.006,0.9893,1.0273,1.0267,1.0032,0.9877,0.9858
2017-03-31,1.0258,1.0284,1.0247,1.036,1.0324,1.0524,1.031,1.0405,1.0437,1.0223,1.0346,1.0396,1.0328,1.0453,1.0167,1.0463,1.0369,1.0338,1.0567,1.0279,1.0392,1.0403,1.0483,1.0499,1.0472
2017-04-30,1.0477,1.0492,1.0582,1.054,1.061,1.0571,1.065,1.0708,1.0632,1.0602,1.0747,1.0731,1.066,1.0708,1.0698,1.0504,1.0575,1.0566,1.0643,1.0784,1.0342,1.0496,1.0351,1.0507,1.0337
2017-05-31,1.0324,1.0557,1.0523,1.06,1.0629,1.0308,1.0575,1.0518,1.0568,1.0535,1.0507,1.0418,1.0436,1.0644,1.0683,1.0415,1.0626,1.0592,1.0523,1.0306,1.0674,1.0655999999999999,1.0553,1.0397,1.0279
2017-06-30,1.01,1.0138,1.0286,1.0189,1.0168,0.9937,1.0158,1.0109,0.9912,1.0074,0.9965,1.0132,0.9997,1.0031,1.0042,0.9779,0.9922,0.9981,0.9975,0.9846,0.9698,0.9866,0.995,0.9973,1.0095
2017-07-31,1.0368,1.035,1.0331,1.0351,1.0503,1.0339,1.0401,1.0303,1.0558,1.0409,1.0341,1.022,1.0453,1.0415,1.0745,1.0283,1.0508,1.036,1.0595,1.0532,1.0291,1.0113,1.0362,1.0402,1.0591
2017-08-31,0.9892,1.002,0.9988,0.9909,1.0096,0.9962,0.997,0.9953,0.997,1.0127,0.9922,1.0004,0.9946,1.0161,1.0008,0.9744,0.9996,1.0106,0.9958,1.0,0.9976,1.0028,1.0092,1.0006,1.0042
2017-09-30,1.0105,1.0158,1.0217,1.0116,1.0352999999999999,1.0447,1.0258,1.0201,1.024,1.044,1.0266,1.0258,1.0247,1.0379,1.0349,1.0383,1.0434,1.031,1.0425,1.0135,1.0164,1.0295,1.0341,1.0268,1.0278
2017-10-31,0.9842,0.9868,0.9953,0.9939,0.9948,0.9845,0.9967,1.0112,1.0128,1.0076,0.995,1.0155,1.005,1.0018,0.9872,0.9992,0.9963,1.0105,1.0179,1.033,0.995,1.0159,1.0035,1.0028,1.0152
2017-11-30,0.9851,0.9931,1.0053,1.0163,1.0037,0.9927,1.0013,0.9973,1.0121,0.9902,0.9931,1.0035,1.0016,1.0193,0.9905,1.0047,1.0113,1.0091,1.0022,0.9836,0.9975,1.0089,1.0028,0.9937,0.9893
2017-12-31,1.0228,1.0212,1.0274,1.0217,1.0196,1.0318,1.0286,1.0282,1.0397,1.0243,1.0655999999999999,1.0344,1.0196,1.0305,1.0167,1.017,1.0234,1.0258,1.0136,1.0268,1.0244,1.0201,1.0111,0.9977,1.001
2018-01-31,1.0612,1.0687,1.0651,1.0925,1.1018,1.0456,1.0556,1.0493,1.0578,1.0589,1.0156,1.0659,1.0636,1.0637,1.0717,1.0587,1.0649,1.0694,1.058,1.0609,1.0308,1.052,1.0547,1.0705,1.0855
2018-02-28,0.944,0.9567,0.9676,0.9614,0.9537,0.9562,0.9653,0.9589,0.9724,0.9747,0.9592,0.9674,0.9572,0.9553,0.9528,0.9601999999999999,0.9554,0.9537,0.9647,0.9516,0.9480999999999999,0.9417,0.9378,0.948,0.9468
2018-03-31,0.9757,0.9941,0.9982,1.0042,0.9887,0.9859,0.9908,0.986,1.0102,0.9887,0.9857,1.0006,0.9808,0.9905,0.9793,0.982,0.9937,0.9965,1.005,1.0067,1.0001,1.0057,0.992,0.9874,0.9766
2018-04-30,1.0097,1.006,1.0053,1.004,1.0145,1.0292,1.0036,1.0248,1.0091,1.0159,1.0231,1.0236,1.017,1.022,1.0279,1.0389,1.0193,1.0062,1.0044,1.0051,1.0107,1.0237,1.0364,1.0388,1.0316
2018-05-31,0.982,0.9918,0.9758,0.9875,0.9765,0.9752,0.9762,0.9909,0.9738,0.9927,0.9686,0.968,0.9756,0.9784,0.9965,0.9859,0.978,0.9753,1.0028,0.9986,0.9686,0.9556,0.9689,0.9737,1.0021
2018-06-30,0.9727,0.9922,0.9948,0.9847,1.0087,0.966,0.9896,0.9725,0.9848,0.988,0.9885,0.9924,1.0001,0.9961,0.9692,0.9869,0.9869,1.0076,0.996,0.9839,1.0084,1.006,0.9781,0.981,0.9878
2018-07-31,1.0069,1.0044,1.0032,0.9986,1.0146,0.9993,1.0257,1.0267,0.9916,1.0147,1.0136,1.0012,1.0233,1.0183,1.0106,1.0383,1.0193,1.0138,1.0245,1.0288,1.046,1.0261,1.0314,1.0318,1.0158
2018-08-31,0.9759,0.9897,0.991,0.991,0.9868,0.9756,0.9737,0.9807,0.9828,1.0097,0.9679,0.9756,0.9837,1.0054,0.9928,0.9708,0.9782,0.9951,0.9804,1.0108,0.9355,0.9765,0.9769,0.9848,0.9871
2018-09-30,0.9778,0.9927,0.9963,1.01,0.9989,1.0057,0.987,1.0011,0.9911,0.9959,0.9841,0.9937,0.9903,0.9918,0.9994,0.9986,0.9974,0.982,0.9808,0.9851,0.9941,1.0001,1.0057,1.0095,1.0236
2018-10-31,0.8835999999999999,0.912,0.9139,0.8971,0.8992,0.9049,0.9279999999999999,0.9216,0.9257,0.8388,0.9107000000000001,0.8969,0.9126,0.9132,0.8999,0.9153,0.9081,0.9099,0.9211,0.8928,0.8999,0.9252,0.9503,0.9211,0.8899
2018-11-30,0.9753,0.9894,0.9738,0.9772,0.9845,0.9841,0.9686,0.9883,0.9768,0.966,0.9821,0.9895,0.9591,0.9817,0.9534,1.0039,0.9743,0.9693,0.9861,0.9439,1.0113,0.9952,1.0105,0.9889,0.9555
2018-12-31,0.9272,0.962,0.9827,0.983,0.9699,0.9272,0.9474,0.9558,0.9571,0.9397,0.9339999999999999,0.9584,0.9542,0.9614,0.9587,0.9495,0.9462,0.9589,0.9663,0.9592,0.9157,0.9437,0.9686,0.9738,0.9688
2019-01-31,1.0779,1.0595,1.0426,1.05,1.0623,1.0976,1.0916,1.0512,1.0672,1.0661,1.0971,1.0778,1.0796999999999999,1.076,1.0749,1.1017,1.065,1.064,1.0688,1.0886,1.0801,1.0654,1.0511,1.0566,1.0533
2019-02-28,1.0066,1.0059,1.0091,1.0064,1.0121,1.0197,1.0148,1.0092,1.008,1.0167,1.0459,1.0241,1.0273,1.0307,1.0153,1.0449,1.0346,1.0282,1.0074,1.0211,1.0372,1.0414,1.0446,1.0238,1.0301
2019-03-31,0.9846,0.9884,0.9992,0.9992,0.9962,0.9547,0.9898,0.9963,1.0059,0.998,0.9771,0.9975,1.002,0.9891,1.0334,0.9494,0.987,1.0017,1.0193,1.0234,0.9779,0.9837,1.0031,1.0306,1.0367
2019-04-30,1.055,1.0339,1.0252,1.0364,1.0531,1.0714,1.0276,1.0373,1.0354,1.0454,1.0854,1.0557,1.0575,1.0257,1.0219,1.0908,1.0592,1.0164,1.0271,1.0226,1.0708,1.0791,1.0349,1.0218,1.0127
2019-05-31,0.9317,0.9631,0.9772,0.9869,0.9961,0.9088,0.948,0.9523,0.9874,1.0038,0.9012,0.9507,0.9403,0.9697,0.9974,0.8889,0.9255,0.9415,0.9762,0.9727,0.8765000000000001,0.9138,0.9478,0.9748,0.9918
2019-06-30,1.02,1.0244,1.0302,1.0261,1.0397,1.0507,1.0203,1.0332,1.0446,1.014,1.0623,1.0546,1.0576,1.0435,1.0555,1.0708,1.061,1.0397,1.0584,1.0617,1.0748,1.0536,1.0681,1.0673,1.0592
2019-07-31,0.965,0.9693,0.9691,0.9799,0.9683,0.9518,0.9607,0.9691,0.9657,0.9933,0.9567,0.96,0.9653,0.9938,0.9914,0.9475,0.9688,0.9693,0.9852,0.9769,0.9751,0.9825,0.9736,0.9741,0.9893
2019-08-31,0.9557,0.9608,0.9733,0.9854,0.969,0.9389,0.9594,0.9618,0.996,0.9856,0.9558,0.9746,0.9739,1.0041,0.9859,0.9663,0.9708,0.9879,1.0223,0.9579,0.9679,0.9529,0.9573,1.0023,0.9988
2019-09-30,1.0149,1.0037,1.0159,1.0229,1.0212,1.0274,1.0231,1.0132,1.0064,1.0032,1.0474,1.0209,1.0227,1.0178,1.0169,1.0458,1.0321,1.0142,1.0068,1.0172,1.0336,1.0528,1.0377,1.0208,0.9952
2019-10-31,1.0229,1.0324,1.0372,1.0512,1.0532,1.0315,1.0478,1.0429,1.0578,1.0475,1.069,1.0502,1.0456,1.0354,1.0345,1.0433,1.0621,1.0296,1.0653,1.037,1.0383,1.0366,1.0529,1.0243,1.0139
2019-11-30,1.0272000000000001,1.0236,1.0325,1.0354,1.0387,1.0379,1.0328,1.0365,1.0336,1.046,1.0285,1.0264,1.0302,1.0487,1.0507,1.0082,1.0341,1.0292,1.0268,1.0332,1.0127,1.0253,1.0083,1.0198,1.0055
2019-12-31,1.0584,1.0635,1.0629,1.0731,1.0812,1.0608,1.0615,1.0683,1.0841,1.0781,1.0542,1.0553,1.0421,1.0612,1.0575,1.0294,1.0409,1.036,1.0557,1.0526,1.0443,1.0364,1.0352,1.0367,1.047
2020-01-31,0.9752,0.9892,0.9938,1.0115,1.0249,0.9354,0.9722,0.973,1.0038,1.0011,0.9555,0.9702,0.983,0.9772,0.9656,0.9418,0.9638,0.9769,0.9941,0.984,0.9521,0.9626,0.9782,0.997,0.9853
2020-02-29,0.8903,0.9267,0.922,0.9006000000000001,0.8976,0.9263,0.9097,0.9132,0.9115,0.9059,0.9097,0.9141,0.9272,0.9198999999999999,0.9066,0.9001,0.9075,0.9207,0.8967,0.9315,0.9096,0.8927,0.9083,0.915,0.9326
2020-03-31,0.7467,0.8227,0.8148,0.7945,0.8138,0.7555000000000001,0.8213,0.8107,0.7755,0.8302,0.7619,0.7948999999999999,0.7721,0.8079,0.798,0.7779,0.8028,0.8506,0.8371999999999999,0.8369,0.786,0.8081,0.8452999999999999,0.9311,0.8734999999999999
2020-04-30,1.1654,1.0996,1.1106,1.1086,1.1301999999999999,1.1319,1.0977,1.0932,1.1129,1.1316,1.1029,1.0927,1.0681,1.1084,1.1116,1.0844,1.0852,1.1002,1.09,1.1139000000000001,1.0113,1.0624,1.0616,1.0596,1.0749
2020-05-31,1.0605,1.0618,1.0457,1.0448,1.0663,1.0368,1.0609,1.0541,1.0648,1.0876,1.0421,1.0429,1.0661,1.0751,1.0781,1.0443,1.0865,1.0671,1.0709,1.0849,1.0275,1.035,1.0675,1.066,1.0462
2020-06-30,1.0463,1.0338,1.0379,1.0287,1.056,1.0154,1.0235,1.016,1.043,1.0622,1.0243,1.0277,1.016,1.0246,1.0257,1.0479,1.0179,1.0286,1.0226,1.0275,1.0456,1.0446,1.0394,1.0457,1.0358
2020-07-31,1.0415,1.0606,1.0735999999999999,1.0671,1.1202,1.0096,1.0264,1.0598,1.0634,1.121,1.0375,1.0295,1.0472,1.0693,1.0871,0.9925,1.0478,1.0829,1.0746,1.0705,0.9867,1.04,1.0376,1.0442,1.0507
2020-08-31,1.0697,1.0615,1.0737,1.0698,1.0887,1.085,1.0541,1.0532,1.0735999999999999,1.1112,1.072,1.0598,1.0468,1.0663,1.0932,1.0982,1.0876,1.0643,1.0593,1.0634,1.0622,1.0456,1.0369,1.0385,1.0401
2020-09-30,0.946,0.9697,0.9795,0.9832,0.9975,0.9367,0.9762,0.9832,0.9663,1.0,0.9364,0.9659,0.9787,0.9823,0.9893,0.9155,0.9625,0.9951,1.0006,0.9818,0.918,0.9654,0.9815,0.9797,1.0027
2020-10-31,0.9627,0.9769,0.9774,0.9669,0.9802,0.9516,0.9604,0.9681,0.9629,0.9785,0.9677,0.9402,0.9626,0.9574,0.9478,0.9627,0.9409,0.9504,0.9536,0.9571,0.9609,0.9326,0.9509,0.9392,0.9841
2020-11-30,1.315,1.1502,1.1221,1.1243,1.1461000000000001,1.3621,1.1718,1.1332,1.1099,1.1574,1.3412,1.2123,1.1781,1.0975,1.1247,1.3234,1.2158,1.1111,1.1094,1.0738,1.3433,1.2119,1.1243,1.0972,1.1031
2020-12-31,1.0905,1.0777,1.0926,1.0954,1.1545,1.0804,1.0835,1.0868,1.0951,1.1158,1.0811,1.0879,1.0664,1.0724,1.1084,1.0543,1.0571,1.0477,1.065,1.0972,1.0447,1.0553,1.0417,1.048,1.0609
2021-01-31,1.0057,1.0152,1.0235,1.0217,1.0249,0.977,0.9976,1.0232,0.9932,1.0153,0.9898,0.9933,0.999,1.0115,1.0278,0.9751,0.9968,0.9945,0.9883,0.9876,0.9698,0.9763,0.9766,0.9884,1.0122
2021-02-28,1.0809,1.0294,1.0362,1.0485,1.0618,1.0872,1.0327,1.0389,1.0429,1.0137,1.0622,1.0446,1.0251,1.0318,1.0055,1.0859,1.0229,1.0169,1.0,1.0162,1.0752,1.0024,1.0075,1.0226,1.0098
2021-03-31,1.0283,1.0252,1.0323,1.0156,0.9994,1.0371,1.0227,1.039,1.0248,1.0053,1.0176,1.0123,1.0307,1.0116,0.9955,1.0439,1.0176,1.0211,1.008,1.0232,1.0302,1.0487,1.0261,1.0558,1.0145
2021-04-30,1.0427,1.0496,1.0726,1.0813,1.0697,1.0498,1.0715,1.0543,1.0604,1.0927,1.0414,1.0638,1.0721,1.0697,1.0783,1.031,1.0531,1.0639,1.0542,1.0477,1.0469,1.0509,1.0569,1.053,1.0484
2021-05-31,1.0279,1.0334,1.0548,1.0408,1.0257,1.0223,1.0365,1.0427,1.0323,1.0464,1.0291,1.0641,1.0496,1.0389,1.0313,1.0214,1.0477,1.0321,1.0582,1.0384,1.042,1.0476,1.0421,1.0503,1.058
2021-06-30,0.9715,0.9712,0.9784,0.9854,0.9764,0.9625,0.9794,0.9788,0.9596,0.9771,0.9662,0.9698,0.9698,0.9587,0.9731,0.9829,0.9614,0.9803,0.9684,0.9674,1.0183,0.9818,0.9742,0.9673,0.9845
2021-07-31,0.9902,1.0077,1.0121,1.0039,1.0115,1.0005,1.0218,1.0403,1.0316,1.0331,1.0013,1.0266,1.0336,1.0274,1.0409,1.0279,1.0245,1.0338,1.0416,1.039,1.0061,1.0217,1.0099,1.0345,1.0378
2021-08-31,1.0081,1.0204,1.0234,1.0289,1.0184,1.0139,1.0313,1.0283,1.0361,1.0328,1.0247,1.0398,1.033,1.0372,1.0291,1.0131000000000001,1.0095,1.0252,1.0025,1.0334,1.0153,1.021,1.0168,1.0042,0.9986
2021-09-30,0.9572,0.9747,0.9837,0.9619,0.9609,0.9593,0.9533,0.9652000000000001,0.9503,0.9313,0.958,0.9528,0.9478,0.9465,0.9268,0.9483,0.9606,0.9611,0.9468,0.9366,0.9292,0.9674,0.9661,0.9424,0.9444
2021-10-31,0.991,1.0168,1.0147,1.0207,1.0356,1.0063,1.0136,1.0406,1.0164,1.0491,0.9986,1.0278,1.0384,1.045,1.0372,1.0024,1.0273,1.0399,1.0428,1.0464,1.0418,1.0304,1.0507,1.0627,1.048
2021-11-30,0.9359,0.9451,0.9463,0.949,0.9373,0.9354,0.9412,0.9457,0.9467,0.9593,0.9468,0.9582,0.9633,0.9372,0.938,0.9741,0.9754,0.9398,0.9446,0.9453,0.9498,0.9541,0.9723,0.9822,0.9379
2021-12-31,1.0328,1.0383,1.038,1.0416,1.0424,1.0365,1.0342,1.0558,1.0601,1.0525,1.029,1.0479,1.0487,1.0448,1.0514,1.0515,1.0599,1.0456,1.041,1.0481,1.0475,1.0539,1.078,1.0573,1.0243
2022-01-31,0.9286,0.9576,0.9603,0.9653,0.9359,0.9578,0.9576,0.9452,0.9237,0.9136,0.9296,0.9642,0.9447,0.9355,0.8826,0.9553,0.9497,0.959,0.9289000000000001,0.8834,0.9782,0.9853,0.9761,0.9435,0.8865000000000001
2022-02-28,0.9407,0.9556,0.9438,0.957,0.9414,0.964,0.9783,0.9808,0.9696,0.9732,0.9454,0.9656,0.961,0.962,0.9885,0.9661,0.9784,0.9671,0.9473,0.9381,0.9567,0.9694,0.9669,0.9657,0.9565
2022-03-31,0.9965,0.9991,1.0072,1.014,1.0253,0.9793,1.0065,1.0251,1.0334,1.0122,0.9744,0.9793,0.9747,0.9819,1.0149,0.9495,0.9791,1.0068,1.0026,0.9856,0.9522,0.984,0.9966,1.0073,1.0176
2022-04-30,0.903,0.9448,0.9515,0.9389,0.9388,0.9014,0.9475,0.9367,0.9453,0.9223,0.9307,0.9469,0.9493,0.9266,0.9345,0.9266,0.9302,0.9459,0.9446,0.9438,0.9141,0.9474,0.949,0.9322,0.9595
2022-05-31,0.9841,0.9936,1.0061,1.0082,1.0034,1.0179,1.0017,1.0359,1.0059,0.9935,1.0217,1.0062,1.029,1.0206,0.9996,1.0338,1.0072,1.0054,0.9876,0.9711,1.044,1.037,1.0079,1.0006,1.0143
2022-06-30,0.8682,0.9012,0.9113,0.9248000000000001,0.9052,0.8465,0.8833,0.8903,0.8892,0.89,0.8263,0.8718,0.8774,0.9114,0.8809,0.8548,0.8569,0.8787,0.9003,0.9203,0.908,0.8758,0.9031,0.9034,0.9185
2022-07-31,1.0379,1.0142,1.0045,1.0081,1.0381,1.0772,1.0694,1.0401,1.0424,1.0663,1.0666,1.0872,1.0607,1.0478,1.0287,1.054,1.0671,1.0749,1.0437,1.0091,1.073,1.1027,1.0634,1.0326,1.0164
2022-08-31,0.9258,0.947,0.9514,0.9822,0.9771,0.9025,0.9061,0.9309000000000001,0.9383,0.9773,0.8994,0.9171,0.9237,0.9551,0.9713,0.8949,0.8941,0.9307,0.9554,0.9689,0.9042,0.9034,0.9365,0.9488,0.9595
2022-09-30,0.8281,0.8765000000000001,0.8881,0.9015,0.8995,0.8421000000000001,0.8742,0.8665,0.8867,0.8803,0.8345,0.8867,0.8783,0.8902,0.9084,0.8649,0.887,0.8982,0.8965,0.9077999999999999,0.8809,0.8938,0.9368,0.9186,0.9083
2022-10-31,1.0507,1.0617,1.042,1.033,1.0675,1.0717,1.0749,1.0583,1.0429,1.0689,1.0932,1.0954,1.0805,1.057,1.0839,1.0763,1.0851,1.056,1.0639,1.0536,1.0685,1.0929,1.0807,1.0488,1.0685
2022-11-30,1.1058,1.1046,1.0902,1.0774,1.0747,1.139,1.1318,1.0947,1.0956,1.0829,1.166,1.1369,1.1211,1.0884,1.1036,1.1753,1.1237,1.1013,1.1053,1.1071,1.1551,1.1713,1.1283,1.1360000000000001,1.1045
2022-12-31,0.9979,1.012,1.0183,1.0259,1.0192,0.9805,1.0,1.0175,1.0185,1.0221,0.9879,1.002,1.0165,1.0292,1.0112,0.9969,0.9902,1.0003,1.0135,1.0174,0.9956,0.9727,0.9808,0.9941,0.998
2023-01-31,1.0861,1.0718,1.0522,1.0439,1.0493,1.1111,1.0724,1.0563,1.0628,1.0465,1.1219,1.0836,1.0873,1.0486,1.044,1.15,1.1037,1.0898,1.0652,1.0741,1.1111,1.1161,1.0907,1.1015,1.0389
2023-02-28,0.9641,0.9827,0.9708,0.9877,1.008,0.9872,0.991,0.9968,0.9947,0.9943,0.9702,0.9916,1.0086,1.0127,1.0139,0.9905,0.9975,0.9916,0.9895,1.0025,0.9731,0.9999,0.9843,0.9829,0.9931
2023-03-31,0.9544,0.9989,1.0063,1.011,0.993,0.9857,1.0017,0.9865,0.9909,0.9895,0.9928,0.9942,0.9766,0.9994,0.9836,0.9888,1.0096,1.023,0.9983,0.9952,1.0275,1.0397,1.0435,1.0343,1.0263
2023-04-30,1.0172,1.0223,1.0288,1.0166,1.016,1.0451,1.0427,1.0407,1.047,1.0277,1.0313,1.0538,1.0314,1.0287,1.0192,1.0469,1.0416,1.0309,1.0238,1.0191,1.0398,1.0215,1.0494,1.0452,1.0435
2023-05-31,0.946,0.9668,0.9637,0.9754,0.9665,0.9306,0.9471,0.9678,0.9545,0.9937,0.9383,0.9494,0.9627,0.9516,0.9593,0.9193,0.9395,0.9388,0.9505,0.9609,0.9639,0.9441,0.9394,0.9603,0.9427
2023-06-30,1.0135,1.0287,1.0182,1.0412,1.0286,1.0089,1.027,1.0335,1.0313,1.0389,1.0379,1.0149,1.0471,1.0387,1.0518,1.0318,1.0299,1.0158,1.0414,1.0605,1.0385,1.0343,1.0446,1.0499,1.0608
2023-07-31,1.0343,1.0313,1.024,1.0178,1.0373,1.0557,1.0316,1.0294,1.028,1.0237,1.0703,1.0459,1.0259,1.0358,1.0292,1.0631,1.0463,1.0492,1.031,1.0413,1.0443,1.0358,1.0249,1.0295,1.0067
2023-08-31,0.9398,0.9567,0.9628,0.9698,0.9643,0.9513,0.9644,0.9601999999999999,0.9557,0.9452,0.9371,0.9583,0.9657,0.9486,0.9686,0.9504,0.9574,0.9446,0.9783,0.9606,0.9576,0.9451,0.9557,0.9647,0.9679
2023-09-30,0.933,0.9637,0.9473,0.9516,0.9504,0.9224,0.9566,0.9357,0.9512,0.9277,0.9449,0.9521,0.9491,0.9423,0.9541,0.9647,0.9480999999999999,0.9523,0.925,0.9455,0.9463,0.9587,0.9817,0.9523,0.9497
2023-10-31,0.9217,0.9483,0.948,0.9362,0.9557,0.9252,0.9494,0.9539,0.9679,0.9491,0.9411,0.9626,0.9276,0.9412,0.9557,0.955,0.9676,0.946,0.9454,0.9507,0.9576,0.9648,0.9621999999999999,0.9511000000000001,0.9891
2023-11-30,1.0828,1.0813,1.0715,1.0947,1.0993,1.1172,1.1048,1.0913,1.1046,1.0829,1.1291,1.0906,1.094,1.1152,1.1008,1.1073,1.1319,1.1184,1.1245,1.1141,1.0662,1.0878,1.0778,1.1045,1.1173
2023-12-31,1.1107,1.0624,1.0621,1.0701,1.0641,1.1202,1.0848,1.0737,1.0814,1.0705,1.1097,1.0751,1.0626,1.058,1.0382,1.0943,1.0721,1.0562,1.0609,1.0386,1.0568,1.0541,1.0729,1.0404,1.0304
2024-01-31,0.9598,0.9684,0.985,0.9999,1.0005,0.9552,0.9712,0.9821,0.9835,1.0021,0.9557,0.97,0.9774,0.9682,1.0136,0.9557,0.9708,0.9662,0.969,1.0044,0.9761,0.9883,0.9883,0.9955,1.0157
2024-02-29,0.9726,0.9778,0.9943,0.999,1.0115,0.9677,0.9782,0.9993,0.9947,1.0159,0.9757,1.0064,1.0057,1.0142,1.0229,0.9771,1.0086,0.9965,1.0133,1.0245,1.0443,0.972,1.0068,1.0403,1.0507
2024-03-31,1.0103,1.0239,1.0177,1.0225,1.0204,1.0276,1.0313,1.038,1.0454,1.0226,1.0383,1.0553,1.0365,1.0152,1.0312,1.0456,1.0389,1.0417,1.0334,1.0415,1.04,1.0228,1.0428,1.0343,1.0452
2024-04-30,0.9861,1.0007,1.0089,1.0045,1.0128,0.9792,0.9786,0.9986,0.973,0.9936,0.9922,0.9821,0.9824,0.9862,1.0063,0.9692,0.9684,0.9716,0.9737,0.9865,0.986,0.9745,1.0033,0.974,0.9606
2024-05-31,1.094,1.0693,1.0739,1.0735999999999999,1.0852,1.1007,1.0666,1.0813,1.0774,1.0844,1.0431,1.079,1.0586,1.0745,1.0515,1.0596,1.0597,1.0519,1.0431,1.0863,1.0508,1.0335,1.0463,1.0625,1.0571
2024-06-30,0.9394,0.97,0.9651,0.9618,0.9845,0.9293,0.9585,0.9555,0.9688,0.9678,0.9359,0.9513,0.955,0.9705,0.9674,0.952,0.9538,0.9681,0.9677,0.9704,0.9604,0.9798,0.9655,0.9743,0.9948
2024-07-31,1.0167,1.0171,1.0322,1.039,1.0477,1.0348,1.0462,1.0532,1.0487,1.0483,1.0468,1.0411,1.0421,1.0306,1.0438,1.0418,1.0563,1.0219,1.0447,1.0514,1.0223,1.0188,1.0255,0.9988,1.0091
2024-08-31,0.9946,1.0201,1.0268,1.0182,1.0234,1.006,1.0196,1.0204,1.0381,1.0024,0.998,1.0176,1.014,1.0144,1.0304,1.0377,1.0337,1.0326,1.0381,1.0401,1.0334,1.0364,1.0493,1.038,1.0339
2024-09-30,0.994,1.0065,1.0025,1.0094,1.0088,1.0018,1.0281,1.0046,1.0073,1.0081,0.9993,1.0189,1.0137,1.0139,0.9921,1.0396,1.0199,1.0354,1.0079,1.012,1.0106,1.022,0.9953,1.0219,0.985
2024-10-31,0.9383,0.9609,0.9634,0.9513,0.9662,0.923,0.95,0.9455,0.9525,0.9302,0.9327,0.9331,0.9506,0.937,0.9319,0.9277,0.9513,0.947,0.9391,0.9545,0.911,0.9429,0.9453,0.9561,0.9543
2024-11-30,0.9508,0.962,0.9651,0.9734,0.9775,0.969,0.9783,0.981,0.9996,0.9769,0.9480999999999999,0.9883,0.9889,0.9804,0.9704,0.9755,1.0002,0.9761,1.0093,0.9778,0.9535,0.9599,0.9868,0.9926,1.0019
2024-12-31,0.9957,0.9953,0.9902,0.9856,0.9934,1.0011,0.9708,0.9943,0.99,0.9758,0.9914,0.9845,0.9977,0.9637,1.0073,0.9726,0.9699,1.0007,0.9757,0.9785,1.0046,0.9728,0.9646,0.9724,0.9802
2025-01-31,1.0146,1.0185,1.0223,1.0101,1.024,1.037,1.0318,1.0368,1.0472,1.0066,1.0512,1.0563,1.0252,1.0328,1.0415,1.0239,1.0396,1.0487,1.0545,1.0555,1.0545,1.0575,1.0823,1.061,1.0828
2025-02-28,0.9902,1.0079,1.0182,1.0104,1.003,1.0013,1.0019,1.0058,1.0183,1.0082,0.9949,1.0111,1.0158,1.0258,1.0226,1.006,1.0153,1.0199,1.0368,1.0511,1.026,1.0313,1.0335,1.0421,1.0414
2025-03-31,1.0189,1.0303,1.0295,1.0346,1.0362,1.0014,1.0056,1.0191,1.0363,1.0222,1.0167,1.0397,1.0246,1.024,1.0206,0.9917,1.0119,1.0127,1.0103,1.0438,0.9358,1.0059,1.0117,1.0265,1.0135
2025-04-30,1.0481,1.0541,1.0571,1.0616,1.0742,1.0631,1.0503,1.0505,1.0724,1.073,1.0563,1.0616,1.0693,1.0532,1.0699,1.0566,1.0595,1.0422,1.0703,1.0789,1.0041,1.0334,1.0356,1.0497,1.0633
2025-05-31,1.074,1.0509,1.0606,1.0617,1.0955,1.075,1.0437,1.0694,1.0672,1.0664,1.08,1.063,1.0563,1.0653,1.0782,1.0517,1.0627,1.0583,1.0694,1.0785,1.0374,1.0484,1.0257,1.0525,1.0594
2025-06-30,1.0556,1.05,1.0504,1.0724,1.0613,1.0506,1.0501,1.0528,1.0568,1.0496,1.0454,1.0505,1.0269,1.0519,1.0482,1.0426,1.0301,1.0422,1.0399,1.0459,1.0153,1.0339,1.0152,1.031,1.036
2025-07-31,1.0061,0.9741,0.9955,0.9956,0.9959,0.9788,0.9787,1.0003,0.9842,0.9887,0.9585,0.9699,0.9847,0.9802,1.0031,0.988,0.9627,0.9778,0.9878,1.019,0.966,0.9651,0.9639,0.978,1.0002
2025-08-31,1.0223,1.0245,1.0344,1.0441,1.0496,1.0166,1.0282,1.0252,1.02,1.0194,1.0377,1.0379,1.0232,1.0265,1.0198,1.0474,1.019,1.0252,1.0315,1.0395,1.0618,1.0329,1.0272000000000001,1.0239,1.0383
2025-09-30,1.0049,1.0002,0.999,1.0099,1.0224,1.0076,0.9928,1.0013,1.004,1.0322,0.9788,0.9938,1.0092,1.013,1.0046,0.9903,0.9923,1.0096,0.9936,1.0383,1.0208,0.9974,1.0177,1.0131000000000001,1.054
2025-10-31,0.9803,0.9781,0.9944,1.0059,0.9859,0.9943,0.9809,0.997,1.0034,0.9815,1.0,0.998,0.9987,0.9921,1.0106,1.017,1.0085,1.0105,1.006,0.9796,1.0363,1.0241,1.0097,0.9947,0.9884
2025-11-30,0.9892,0.9987,1.0095,1.0035,0.9819,0.9831,1.0067,1.0135,1.0043,0.9983,0.9777,1.0018,1.0284,1.0154,1.0246,0.9923,1.0068,1.0024,1.0023,1.0243,0.9991,1.0118,1.0319,1.0002,1.0189
2025-12-31,1.0235,1.0245,1.0463,1.042,1.052,1.0302,1.0312,1.0415,1.0352,1.0612,1.0203,1.0275,1.0327,1.0621,1.048,1.0138,1.0351,1.0184,1.0469,1.0725,1.0377,1.027,1.0301,1.0374,1.0699
2026-01-31,1.0129,1.0271,1.0421,1.0588,1.0506,1.0105,1.033,1.0462,1.0272000000000001,1.1042,1.0093,1.0394,1.0466,1.044,1.0969,1.004,1.0258,1.0279,1.0411,1.0719,0.9725,1.0047,1.0427,1.0571,1.0787
2026-02-28,0.9679,0.9862,1.0037,1.0003,1.0133,1.0069,1.0238,1.0159,1.044,1.0232,0.9956,1.0197,1.0247,1.0279,1.009,1.0012,1.0506,1.0746,1.0324,1.0303,0.9944,1.0608,1.0582,1.053,0.9947
2026-03-31,0.9108,0.921,0.9385,0.9301,0.9155,0.8916999999999999,0.9177,0.92,0.9282,0.9138,0.8985,0.9106,0.9048,0.9227,0.9196,0.9181,0.898,0.9244,0.9392,0.9151,0.8873,0.9322,0.9052,0.9238,0.8906000000000001
